OBJECTID,NAME,FIPS_ID,NAME2,ADDNAME,SEAT,SEAT2,FORM_YR,PARENTCO,FIPS_NO,FIPS_TXT,SMIS,SP_ZONE,REGION,POP70,POP80,POP90,POP00,POP10,CH70_80,CH80_90,CH90_00,CH00_10,POP70SQ,POP80SQ,POP90SQ,POP00SQ,POP10SQ,CHSQ70_80,CHSQ80_90,CHSQ90_00,CHSQ00_10,MILES_SQ,Forecast,ABBREVTN,ABBREVTN2,AGENCY_CONT,CONTACT,LAST_UPDT,XY_SOURCE,XY_ISSUES,ATT_SOURCE,ATT_ISSUES,COMMENTS,KYTC_District_Num,Shape__Area,Shape__Length
1,ADAIR,21001,Adair,LAKE CUMBERLAND,Columbia,COLUMBIA,1802,Green,1,001,1,SOUTH,SOUTH CENTRAL REGION,13037,15233,15360,17244,18656,16.8443,0.8337,12.2656,8.188355,31.6131,36.9381,37.246,41.8145,45.238481,5.325,0.3079,4.5685,3.423981,412.392272,http://wwwagwx.ca.uky.edu/cgi-bin/getcast_www_ky?Adair+077#forecast,LCADD,LCADD,"KENTUCKY TRANSPORTATION CABINET, DIVISION OF PLANNING","TRANSPORTATION SYSTEMS BRANCH MANAGER, DIVISION OF PLANNING",7/1/1993 12:00:00 AM,BOUNDARY DIGITIZED FROM USGS 7.5 MINUTE TOPOGRAPHIC MAPS,,SECRETARY OF STATE,,,8,1682320232.33594,176916.903554729
2,ALLEN,21003,Allen,BARREN RIVER,Scottsville,SCOTTSVILLE,1815,"Barren, Warren",3,003,2,SOUTH,SOUTH CENTRAL REGION,12598,14128,14628,17800,19956,12.1447,3.539,21.6844,12.11236,35.795,40.1422,41.5629,50.5756,56.701512,4.3472,1.4207,9.0127,6.125912,351.948287,http://wwwagwx.ca.uky.edu/cgi-bin/getcast_www_ky?Allen+073#forecast,BRADD,BRADD,"KENTUCKY TRANSPORTATION CABINET, DIVISION OF PLANNING","TRANSPORTATION SYSTEMS BRANCH MANAGER, DIVISION OF PLANNING",7/1/1993 12:00:00 AM,BOUNDARY DIGITIZED FROM USGS 7.5 MINUTE TOPOGRAPHIC MAPS,,SECRETARY OF STATE,,,3,1422340076.1875,212158.816981597
3,ANDERSON,21005,Anderson,BLUEGRASS,Lawrenceburg,LAWRENCEBURG,1827,"Franklin, Mercer, Washington",5,005,3,NORTH,BLUEGRASS REGION,9358,12567,14571,19111,21421,34.2915,15.9465,31.1577,12.08728,45.8206,61.5332,71.3456,93.5753,104.886078,15.7126,9.8124,22.2297,11.310778,204.231108,http://wwwagwx.ca.uky.edu/cgi-bin/getcast_www_ky?Anderson+039#forecast,BGADD,BGADD,"KENTUCKY TRANSPORTATION CABINET, DIVISION OF PLANNING","TRANSPORTATION SYSTEMS BRANCH MANAGER, DIVISION OF PLANNING",7/1/1993 12:00:00 AM,BOUNDARY DIGITIZED FROM USGS 7.5 MINUTE TOPOGRAPHIC MAPS,,SECRETARY OF STATE,,,7,853482190.027344,187271.161267322
4,BALLARD,21007,Ballard,PURCHASE,Wickliffe,WICKLIFFE,1842,"Hickman, McCracken",7,007,4,SOUTH,WESTERN REGION,8276,8798,7902,8286,8249,6.3073,-10.1841,4.8595,-0.446536,30.2374,32.1446,28.8709,30.2739,30.138764,1.9072,-3.2737,1.403,-0.135136,273.700672,http://wwwagwx.ca.uky.edu/cgi-bin/getcast_www_ky?Ballard+004#forecast,PUADD,PUADD,DIVISION OF GEOGRAPHIC INFORMATION,KIM ANNESS,7/23/2015 12:00:00 AM,"OHIO V. KENTUCKY, 444 U.S. 335 (1980)",,SECRETARY OF STATE,,BOUNDARY UPDATED TO MATCH SUPREME COURT CASE RULING IN 1981,1,1116332454.76172,169743.553913258
5,BARREN,21009,Barren,BARREN RIVER,Glasgow,GLASGOW,1799,"Green, Warren",9,009,5,SOUTH,SOUTH CENTRAL REGION,28677,34009,34001,38033,42173,18.5932,-0.0235,11.8584,10.885284,57.3496,68.0128,67.9968,76.0602,84.339605,10.6632,-0.016,8.0634,8.279405,500.03791,http://wwwagwx.ca.uky.edu/cgi-bin/getcast_www_ky?Barren+074#forecast,BRADD,BRADD,"KENTUCKY TRANSPORTATION CABINET, DIVISION OF PLANNING","TRANSPORTATION SYSTEMS BRANCH MANAGER, DIVISION OF PLANNING",7/1/1993 12:00:00 AM,BOUNDARY DIGITIZED FROM USGS 7.5 MINUTE TOPOGRAPHIC MAPS,,SECRETARY OF STATE,,,3,2032351115.65625,235199.673576409
6,BATH,21011,Bath,GATEWAY,Owingsville,OWINGSVILLE,1811,Montgomery,11,011,6,NORTH,NORTHEAST REGION,9235,10025,9692,11085,11591,8.5544,-3.3216,14.3726,4.564727,32.5225,35.3047,34.1319,39.0376,40.81963,2.7822,-1.1728,4.9057,1.78203,283.956517,http://wwwagwx.ca.uky.edu/cgi-bin/getcast_www_ky?Bath+051#forecast,GADD,GWADD,"KENTUCKY TRANSPORTATION CABINET, DIVISION OF PLANNING","TRANSPORTATION SYSTEMS BRANCH MANAGER, DIVISION OF PLANNING",7/1/1993 12:00:00 AM,BOUNDARY DIGITIZED FROM USGS 7.5 MINUTE TOPOGRAPHIC MAPS,,SECRETARY OF STATE,,,9,1191183387.98828,261117.277264373
7,BELL,21013,Bell,CUMBERLAND VALLEY,Pineville,PINEVILLE,1867,"Harlan, Knox",13,013,7,SOUTH,EAST REGION,31121,34330,31506,30060,28691,10.3113,-8.226,-4.5896,-4.554225,86.1626,95.0472,87.2286,83.2251,79.434904,8.8846,-7.8186,-4.0035,-3.790196,361.188829,http://wwwagwx.ca.uky.edu/cgi-bin/getcast_www_ky?Bell+087#forecast,CVADD,CVADD,"KENTUCKY TRANSPORTATION CABINET, DIVISION OF PLANNING","TRANSPORTATION SYSTEMS BRANCH MANAGER, DIVISION OF PLANNING",7/1/1993 12:00:00 AM,BOUNDARY DIGITIZED FROM USGS 7.5 MINUTE TOPOGRAPHIC MAPS,,SECRETARY OF STATE,,,11,1458885270.55078,216675.227022747
8,BOONE,21015,Boone,NORTHERN KENTUCKY,Burlington,BURLINGTON,1799,Campbell,15,015,8,NORTH,NORTHERN KENTUCKY REGION,32812,45842,57589,85991,118811,39.711,25.6249,49.3184,38.166785,127.9179,178.7156,224.5114,335.2369,463.186178,50.7977,45.7958,110.7255,127.949278,256.508086,http://wwwagwx.ca.uky.edu/cgi-bin/getcast_www_ky?Boone+091#forecast,NKADD,NKADD,DIVISION OF GEOGRAPHIC INFORMATION,KIM ANNESS,10/22/2019 12:00:00 AM,"OHIO V. KENTUCKY, 444 U.S. 335 (1980)/BERLING SURVEY",,SECRETARY OF STATE,,BOUNDARY UPDATED TO MATCH SUPREME COURT CASE RULING IN 1981/FGDB OF BERLING SURVEY COORDINATES DATED 9/3/1996 PROVIDED BY PDSKC,6,1100575630.57031,151892.176698297
9,BOURBON,21017,Bourbon,BLUEGRASS,Paris,PARIS,1786,Fayette,17,017,9,NORTH,BLUEGRASS REGION,18476,19405,19236,19360,19985,5.0281,-0.8709,0.6446,3.228306,63.3739,66.5604,65.9807,66.4061,68.549916,3.1865,-0.5797,0.4254,2.143816,291.539381,http://wwwagwx.ca.uky.edu/cgi-bin/getcast_www_ky?Bourbon+042#forecast,BGADD,BGADD,"KENTUCKY TRANSPORTATION CABINET, DIVISION OF PLANNING","TRANSPORTATION SYSTEMS BRANCH MANAGER, DIVISION OF PLANNING",7/1/1993 12:00:00 AM,BOUNDARY DIGITIZED FROM USGS 7.5 MINUTE TOPOGRAPHIC MAPS,,SECRETARY OF STATE,,,7,1225036579.48438,215157.481340517
10,BOYD,21019,Boyd,FIVCO,Catlettsburg,CATLETTSBURG,1860,"Carter, Greenup, Lawrence",19,019,10,NORTH,NORTHEAST REGION,52376,55513,51150,49752,49542,5.9893,-7.8594,-2.7331,-0.422094,323.3029,342.6668,315.7351,307.1056,305.809425,19.3639,-26.9317,-8.6295,-1.296175,162.002855,http://wwwagwx.ca.uky.edu/cgi-bin/getcast_www_ky?Boyd+103#forecast,FIVCO,FIVCO,DIVISION OF GEOGRAPHIC INFORMATION,KIM ANNESS,7/23/2015 12:00:00 AM,"OHIO V. KENTUCKY, 444 U.S. 335 (1980)",,SECRETARY OF STATE,,BOUNDARY UPDATED TO MATCH SUPREME COURT CASE RULING IN 1981,9,683535521.261719,126638.81692187
11,BOYLE,21021,Boyle,BLUEGRASS,Danville,DANVILLE,1842,"Lincoln, Mercer",21,021,11,SOUTH,BLUEGRASS REGION,21861,25066,25641,27697,28432,14.6608,2.2939,8.0184,2.653717,119.6995,137.2484,140.3968,151.6544,155.678943,17.5489,3.1484,11.2576,4.024543,182.632278,http://wwwagwx.ca.uky.edu/cgi-bin/getcast_www_ky?Boyle+055#forecast,BGADD,BGADD,DIVISION OF GEOGRAPHIC INFORMATION,KIM ANNESS,11/1/2010 12:00:00 AM,SECRETARY OF STATE/BLUEGRASS ADD,,SECRETARY OF STATE,,BLUEGRASS ADD PROVIDED COVERAGE OF THIS CORRECTION AS FILED WITH THE SECRETARY OF STATE'S OFFICE.,7,756200796.007813,154673.056578932
12,BRACKEN,21023,Bracken,BUFFALO TRACE,Brooksville,BROOKSVILLE,1797,"Campbell, Mason",23,023,12,NORTH,NORTHEAST REGION,7227,7738,7766,8279,8488,7.0707,0.3618,6.6057,2.524459,34.5879,37.0335,37.1675,39.6227,40.623007,2.4456,0.134,2.4552,1.000307,208.945633,http://wwwagwx.ca.uky.edu/cgi-bin/getcast_www_ky?Bracken+097#forecast,BTADD,BTADD,DIVISION OF GEOGRAPHIC INFORMATION,KIM ANNESS,7/23/2015 12:00:00 AM,"OHIO V. KENTUCKY, 444 U.S. 335 (1980)",,SECRETARY OF STATE,,BOUNDARY UPDATED TO MATCH SUPREME COURT CASE RULING IN 1981,6,889559275.828125,161900.692521624
13,BREATHITT,21025,Breathitt,KENTUCKY RIVER,Jackson,JACKSON,1839,"Clay, Estill, Perry",25,025,13,SOUTH,EAST REGION,14221,17004,15703,16100,13878,19.5696,-7.6511,2.5281,-13.801242,28.7182,34.3382,31.7109,32.5126,28.025538,5.62,-2.6273,0.8017,-4.487062,495.191203,http://wwwagwx.ca.uky.edu/cgi-bin/getcast_www_ky?Breathitt+112#forecast,KRADD,KRADD,"KENTUCKY TRANSPORTATION CABINET, DIVISION OF PLANNING","TRANSPORTATION SYSTEMS BRANCH MANAGER, DIVISION OF PLANNING",7/1/1993 12:00:00 AM,BOUNDARY DIGITIZED FROM USGS 7.5 MINUTE TOPOGRAPHIC MAPS,,SECRETARY OF STATE,,,10,2042748116.30078,302850.373854137
14,BRECKINRIDGE,21027,Breckinridge,LINCOLN TRAIL,Hardinsburg,HARDINSBURG,1800,Hardin,27,027,14,SOUTH,SOUTH CENTRAL REGION,14789,16861,16312,18648,20059,14.0104,-3.256,14.3207,7.566495,25.2585,28.7973,27.8596,31.8494,34.259286,3.5388,-0.9377,3.9898,2.409886,585.505481,http://wwwagwx.ca.uky.edu/cgi-bin/getcast_www_ky?Breckinridge+024#forecast,LTADD,LTADD,DIVISION OF GEOGRAPHIC INFORMATION,KIM ANNESS,7/23/2015 12:00:00 AM,"OHIO V. KENTUCKY, 444 U.S. 335 (1980)",,SECRETARY OF STATE,,BOUNDARY UPDATED TO MATCH SUPREME COURT CASE RULING IN 1981,4,2431570096.96875,272292.154013318
15,BULLITT,21029,Bullitt,KIPDA,Shepherdsville,SHEPHERDSVILLE,1797,"Jefferson, Nelson",29,029,15,NORTH,GREATER LOUISVILLE REGION,26090,43346,47567,61236,74319,66.1402,9.7379,28.7363,21.364883,86.9047,144.3838,158.4438,203.9747,247.553753,57.4791,14.06,45.5309,43.579053,300.213586,http://wwwagwx.ca.uky.edu/cgi-bin/getcast_www_ky?Bullitt+029#forecast,KIPDA,KIPDA,"KENTUCKY TRANSPORTATION CABINET, DIVISION OF PLANNING","TRANSPORTATION SYSTEMS BRANCH MANAGER, DIVISION OF PLANNING",7/1/1993 12:00:00 AM,BOUNDARY DIGITIZED FROM USGS 7.5 MINUTE TOPOGRAPHIC MAPS,,SECRETARY OF STATE,,,5,1253447606.80859,196495.650624275
16,BUTLER,21031,Butler,BARREN RIVER,Morgantown,MORGANTOWN,1810,"Logan, Ohio",31,031,16,SOUTH,SOUTH CENTRAL REGION,9723,11064,11245,13010,12690,13.792,1.6359,15.6958,-2.459646,22.5355,25.6436,26.0631,30.154,29.412323,3.1081,0.4195,4.0909,-0.741677,431.451803,http://wwwagwx.ca.uky.edu/cgi-bin/getcast_www_ky?Butler+061#forecast,BRADD,BRADD,"KENTUCKY TRANSPORTATION CABINET, DIVISION OF PLANNING","TRANSPORTATION SYSTEMS BRANCH MANAGER, DIVISION OF PLANNING",7/1/1993 12:00:00 AM,BOUNDARY DIGITIZED FROM USGS 7.5 MINUTE TOPOGRAPHIC MAPS,,SECRETARY OF STATE,,,3,1764916843.94922,259321.616109029
17,CALDWELL,21033,Caldwell,PENNYRILE,Princeton,PRINCETON,1809,Livingston,33,033,17,SOUTH,WESTERN REGION,13179,13473,13232,13060,12984,2.2308,-1.7887,-1.2998,-0.58193,37.8554,38.6998,38.0076,37.5135,37.295287,0.8444,-0.6922,-0.4941,-0.218213,348.1405,http://wwwagwx.ca.uky.edu/cgi-bin/getcast_www_ky?Caldwell+013#forecast,PEADD,PEADD,"KENTUCKY TRANSPORTATION CABINET, DIVISION OF PLANNING","TRANSPORTATION SYSTEMS BRANCH MANAGER, DIVISION OF PLANNING",7/1/1993 12:00:00 AM,BOUNDARY DIGITIZED FROM USGS 7.5 MINUTE TOPOGRAPHIC MAPS,,SECRETARY OF STATE,,,2,1421770091.12109,239522.254861696
18,CALLOWAY,21035,Calloway,PURCHASE,Murray,MURRAY,1821,Hickman,35,035,18,SOUTH,WESTERN REGION,27692,30031,30735,34177,37191,8.4464,2.3442,11.1989,8.818796,67.4079,73.1015,74.8151,83.1937,90.530384,5.6936,1.7136,8.3786,7.336684,410.812352,http://wwwagwx.ca.uky.edu/cgi-bin/getcast_www_ky?Calloway+009#forecast,PUADD,PUADD,"KENTUCKY TRANSPORTATION CABINET, DIVISION OF PLANNING","TRANSPORTATION SYSTEMS BRANCH MANAGER, DIVISION OF PLANNING",7/1/1993 12:00:00 AM,BOUNDARY DIGITIZED FROM USGS 7.5 MINUTE TOPOGRAPHIC MAPS,,SECRETARY OF STATE,,,1,1654510427.35547,162066.859191089
19,CAMPBELL,21037,Campbell,NORTHERN KENTUCKY,Newport,NEWPORT,1795,"Harrison, Mason, Scott",37,037,19,NORTH,NORTHERN KENTUCKY REGION,88704,83317,83866,88616,90336,-6.073,0.6589,5.6637,1.940959,556.3329,522.5467,525.99,555.781,566.568496,-33.7862,3.4433,29.791,10.787496,159.444093,http://wwwagwx.ca.uky.edu/cgi-bin/getcast_www_ky?Campbell+093#forecast,NKADD,NKADD,DIVISION OF GEOGRAPHIC INFORMATION,KIM ANNESS,7/23/2015 12:00:00 AM,"OHIO V. KENTUCKY, 444 U.S. 335 (1980)",,SECRETARY OF STATE,,BOUNDARY UPDATED TO MATCH SUPREME COURT CASE RULING IN 1981,6,683560788.320313,143778.987686033
20,CARLISLE,21039,Carlisle,PURCHASE,Bardwell,BARDWELL,1886,Ballard,39,039,20,SOUTH,WESTERN REGION,5354,5487,5238,5351,5104,2.4841,-4.5379,2.1573,-4.61596,26.9046,27.573,26.3217,26.8895,25.648377,0.6684,-1.2513,0.5678,-1.241123,198.998943,http://wwwagwx.ca.uky.edu/cgi-bin/getcast_www_ky?Carlisle+003#forecast,PUADD,PUADD,"KENTUCKY TRANSPORTATION CABINET, DIVISION OF PLANNING","TRANSPORTATION SYSTEMS BRANCH MANAGER, DIVISION OF PLANNING",7/1/1993 12:00:00 AM,BOUNDARY DIGITIZED FROM USGS 7.5 MINUTE TOPOGRAPHIC MAPS,,SECRETARY OF STATE,,,1,806399626.125,159875.52299628
21,CARROLL,21041,Carroll,NORTHERN KENTUCKY,Carrollton,CARROLLTON,1838,"Gallatin, Henry, Trimble",41,041,21,NORTH,NORTHERN KENTUCKY REGION,8523,9270,9292,10155,10811,8.7645,0.2373,9.2875,6.459872,62.0687,67.5087,67.669,73.9538,78.731136,5.44,0.1603,6.2848,4.777336,137.315433,http://wwwagwx.ca.uky.edu/cgi-bin/getcast_www_ky?Carrol+089#forecast,NKADD,NKADD,DIVISION OF GEOGRAPHIC INFORMATION,KIM ANNESS,7/23/2015 12:00:00 AM,"OHIO V. KENTUCKY, 444 U.S. 335 (1980)",,SECRETARY OF STATE,,BOUNDARY UPDATED TO MATCH SUPREME COURT CASE RULING IN 1981,6,584039882.941406,128818.269258547
22,CARTER,21043,Carter,FIVCO,Grayson,GRAYSON,1838,"Greenup, Lawrence",43,043,22,NORTH,NORTHEAST REGION,19850,25060,24340,26889,27720,26.2468,-2.8731,10.4724,3.090483,48.1715,60.8151,59.0678,65.2536,67.270347,12.6436,-1.7473,6.1858,2.016747,412.068632,http://wwwagwx.ca.uky.edu/cgi-bin/getcast_www_ky?Carter+102#forecast,FIVCO,FIVCO,"KENTUCKY TRANSPORTATION CABINET, DIVISION OF PLANNING","TRANSPORTATION SYSTEMS BRANCH MANAGER, DIVISION OF PLANNING",7/1/1993 12:00:00 AM,BOUNDARY DIGITIZED FROM USGS 7.5 MINUTE TOPOGRAPHIC MAPS,,SECRETARY OF STATE,,,9,1736725364.98438,255681.699058607
23,CASEY,21045,Casey,LAKE CUMBERLAND,Liberty,LIBERTY,1807,Lincoln,45,045,23,SOUTH,SOUTH CENTRAL REGION,12930,14818,14211,15447,15955,14.6017,-4.0963,8.6974,3.288664,29.011,33.2471,31.8852,34.6584,35.798213,4.2361,-1.3619,2.7732,1.139813,445.692636,http://wwwagwx.ca.uky.edu/cgi-bin/getcast_www_ky?Casey+066#forecast,LCADD,LCADD,"KENTUCKY TRANSPORTATION CABINET, DIVISION OF PLANNING","TRANSPORTATION SYSTEMS BRANCH MANAGER, DIVISION OF PLANNING",7/1/1993 12:00:00 AM,BOUNDARY DIGITIZED FROM USGS 7.5 MINUTE TOPOGRAPHIC MAPS,,SECRETARY OF STATE,,,8,1828801748.79297,196777.729949177
24,CHRISTIAN,21047,Christian,PENNYRILE,Hopkinsville,HOPKINSVILLE,1797,Logan,47,047,24,SOUTH,WESTERN REGION,56224,66878,68941,72265,73955,18.9492,3.0847,4.8215,2.338615,77.6451,92.3583,95.2073,99.7977,102.131628,14.7132,2.849,4.5904,2.333928,724.11457,http://wwwagwx.ca.uky.edu/cgi-bin/getcast_www_ky?Christian+017#forecast,PEADD,PEADD,"KENTUCKY TRANSPORTATION CABINET, DIVISION OF PLANNING","TRANSPORTATION SYSTEMS BRANCH MANAGER, DIVISION OF PLANNING",7/1/1993 12:00:00 AM,BOUNDARY DIGITIZED FROM USGS 7.5 MINUTE TOPOGRAPHIC MAPS,,SECRETARY OF STATE,,,2,2937513310.07813,264194.509170147
25,CLARK,21049,Clark,BLUEGRASS,Winchester,WINCHESTER,1793,"Bourbon, Fayette",49,049,25,NORTH,BLUEGRASS REGION,24090,28322,29496,33144,35613,17.5674,4.1451,12.3677,7.449312,94.428,111.0166,115.6185,129.9179,139.595982,16.5886,4.6019,14.2994,9.678082,255.114792,http://wwwagwx.ca.uky.edu/cgi-bin/getcast_www_ky?Clark+049#forecast,BGADD,BGADD,"KENTUCKY TRANSPORTATION CABINET, DIVISION OF PLANNING","TRANSPORTATION SYSTEMS BRANCH MANAGER, DIVISION OF PLANNING",7/1/1993 12:00:00 AM,BOUNDARY DIGITIZED FROM USGS 7.5 MINUTE TOPOGRAPHIC MAPS,,SECRETARY OF STATE,,,7,1065199582.33203,189701.613596212
26,CLAY,21051,Clay,CUMBERLAND VALLEY,Manchester,MANCHESTER,1807,"Floyd, Knox, Madison",51,051,26,SOUTH,EAST REGION,18481,22752,21746,24556,21730,23.1102,-4.4215,12.9219,-11.508389,39.2281,48.2938,46.1585,52.1231,46.124574,9.0657,-2.1353,5.9646,-5.998526,471.115461,http://wwwagwx.ca.uky.edu/cgi-bin/getcast_www_ky?Clay+116#forecast,CVADD,CVADD,"KENTUCKY TRANSPORTATION CABINET, DIVISION OF PLANNING","TRANSPORTATION SYSTEMS BRANCH MANAGER, DIVISION OF PLANNING",7/1/1993 12:00:00 AM,BOUNDARY DIGITIZED FROM USGS 7.5 MINUTE TOPOGRAPHIC MAPS,,SECRETARY OF STATE,,,11,1924722731.69922,249692.115324425
27,CLINTON,21053,Clinton,LAKE CUMBERLAND,Albany,ALBANY,1836,"Cumberland, Wayne",53,053,27,SOUTH,SOUTH CENTRAL REGION,8174,9321,9135,9634,10272,14.0322,-1.9954,5.4625,6.622379,39.7838,45.3664,44.4611,46.8898,49.995121,5.5826,-0.9053,2.4287,3.105321,205.46005,http://wwwagwx.ca.uky.edu/cgi-bin/getcast_www_ky?Clinton+082#forecast,LCADD,LCADD,"KENTUCKY TRANSPORTATION CABINET, DIVISION OF PLANNING","TRANSPORTATION SYSTEMS BRANCH MANAGER, DIVISION OF PLANNING",7/1/1993 12:00:00 AM,BOUNDARY DIGITIZED FROM USGS 7.5 MINUTE TOPOGRAPHIC MAPS,,SECRETARY OF STATE,,,8,829806879.316406,142005.019186027
28,CRITTENDEN,21055,Crittenden,PENNYRILE,Marion,MARION,1842,Livingston,55,055,28,SOUTH,WESTERN REGION,8493,9207,9196,9384,9315,8.4069,-0.1194,2.0443,-0.735294,22.8862,24.8102,24.7806,25.2872,25.101305,1.924,-0.0296,0.5066,-0.185895,371.096237,http://wwwagwx.ca.uky.edu/cgi-bin/getcast_www_ky?Crittenden+010#forecast,PEADD,PEADD,DIVISION OF GEOGRAPHIC INFORMATION,KIM ANNESS,7/23/2015 12:00:00 AM,"OHIO V. KENTUCKY, 444 U.S. 335 (1980)",,SECRETARY OF STATE,,BOUNDARY UPDATED TO MATCH SUPREME COURT CASE RULING IN 1981,1,1524567198.06641,270035.488844605
29,CUMBERLAND,21057,Cumberland,LAKE CUMBERLAND,Burksville,BURKSVILLE,1799,Green,57,057,29,SOUTH,SOUTH CENTRAL REGION,6850,7289,6784,7147,6856,6.4087,-6.9282,5.3508,-4.071638,22.0283,23.4401,21.8161,22.9834,22.047665,1.4118,-1.624,1.1673,-0.935735,310.962633,http://wwwagwx.ca.uky.edu/cgi-bin/getcast_www_ky?Cumberland+081#forecast,LCADD,LCADD,"KENTUCKY TRANSPORTATION CABINET, DIVISION OF PLANNING","TRANSPORTATION SYSTEMS BRANCH MANAGER, DIVISION OF PLANNING",7/1/1993 12:00:00 AM,BOUNDARY DIGITIZED FROM USGS 7.5 MINUTE TOPOGRAPHIC MAPS,,SECRETARY OF STATE,,,8,1257877156.71094,172825.538419782
30,DAVIESS,21059,Daviess,GREEN RIVER,Owensboro,OWENSBORO,1815,Ohio,59,059,30,SOUTH,WESTERN REGION,79486,85949,87189,91545,96656,8.1309,1.4427,4.996,5.583047,166.8191,180.3831,182.9855,192.1276,202.854191,13.564,2.6024,9.1421,10.726591,476.480172,http://wwwagwx.ca.uky.edu/cgi-bin/getcast_www_ky?+019#forecast,GRADD,GRADD,DIVISION OF GEOGRAPHIC INFORMATION,KIM ANNESS,7/23/2015 12:00:00 AM,"OHIO V. KENTUCKY, 444 U.S. 335 (1980)",,SECRETARY OF STATE,,BOUNDARY UPDATED TO MATCH SUPREME COURT CASE RULING IN 1981,2,1976251151.37891,265430.076350251
31,EDMONSON,21061,Edmonson,BARREN RIVER,Brownsville,BROWNSVILLE,1825,"Grayson, Hart, Warren",61,061,31,SOUTH,SOUTH CENTRAL REGION,8751,9962,10357,11644,12161,13.8384,3.965,12.4263,4.440055,28.4142,32.3462,33.6288,37.8076,39.486361,3.932,1.2826,4.1788,1.678761,307.979758,http://wwwagwx.ca.uky.edu/cgi-bin/getcast_www_ky?Edmonson+062#forecast,BRADD,BRADD,"KENTUCKY TRANSPORTATION CABINET, DIVISION OF PLANNING","TRANSPORTATION SYSTEMS BRANCH MANAGER, DIVISION OF PLANNING",7/1/1993 12:00:00 AM,BOUNDARY DIGITIZED FROM USGS 7.5 MINUTE TOPOGRAPHIC MAPS,,SECRETARY OF STATE,,,3,1259889021.21875,148103.040927004
32,ELLIOTT,21063,Elliott,FIVCO,Sandy Hook,SANDY HOOK,1869,"Carter, Lawrence, Morgan",63,063,32,NORTH,NORTHEAST REGION,5933,6908,6455,6748,7852,16.4335,-6.5576,4.5391,16.360403,25.2165,29.3605,27.4351,28.6805,33.372759,4.144,-1.9254,1.2454,4.692259,235.281719,http://wwwagwx.ca.uky.edu/cgi-bin/getcast_www_ky?Elliott+104#forecast,FIVCO,FIVCO,"KENTUCKY TRANSPORTATION CABINET, DIVISION OF PLANNING","TRANSPORTATION SYSTEMS BRANCH MANAGER, DIVISION OF PLANNING",7/1/1993 12:00:00 AM,BOUNDARY DIGITIZED FROM USGS 7.5 MINUTE TOPOGRAPHIC MAPS,,SECRETARY OF STATE,,,9,986272092.492188,189131.394713118
33,ESTILL,21065,Estill,BLUEGRASS,Irvine,IRVINE,1808,"Clark, Madison",65,065,33,SOUTH,BLUEGRASS REGION,12752,14495,14614,15307,14672,13.6684,0.8209,4.742,-4.148429,49.8979,56.7182,57.1838,59.8955,57.41084,6.8203,0.4656,2.7117,-2.48466,255.561494,http://wwwagwx.ca.uky.edu/cgi-bin/getcast_www_ky?Estill+058#forecast,BGADD,BGADD,"KENTUCKY TRANSPORTATION CABINET, DIVISION OF PLANNING","TRANSPORTATION SYSTEMS BRANCH MANAGER, DIVISION OF PLANNING",7/1/1993 12:00:00 AM,BOUNDARY DIGITIZED FROM USGS 7.5 MINUTE TOPOGRAPHIC MAPS,,SECRETARY OF STATE,,,10,1059078815.69141,206583.265836544
34,FAYETTE,21067,Fayette,BLUEGRASS,Lexington,LEXINGTON,1780,Kentucky (Virginia),67,067,34,NORTH,BLUEGRASS REGION,174323,204165,225366,260512,295803,17.1187,10.3842,15.595,13.546785,610.6134,715.1431,789.4054,912.5138,1036.130085,104.5297,74.2623,123.1084,123.616285,285.488284,http://wwwagwx.ca.uky.edu/cgi-bin/getcast_www_ky?Fayette+041#forecast,BGADD,BGADD,"KENTUCKY TRANSPORTATION CABINET, DIVISION OF PLANNING","TRANSPORTATION SYSTEMS BRANCH MANAGER, DIVISION OF PLANNING",7/1/1993 12:00:00 AM,BOUNDARY DIGITIZED FROM USGS 7.5 MINUTE TOPOGRAPHIC MAPS,,SECRETARY OF STATE,,,7,1194419359.97656,195422.221730446
35,FLEMING,21069,Fleming,BUFFALO TRACE,Flemingsburg,FLEMINGSBURG,1798,Mason,69,069,35,NORTH,NORTHEAST REGION,11366,12323,12292,13792,14348,8.4198,-0.2515,12.203,4.031323,32.3558,35.0801,34.9919,39.2619,40.844762,2.7243,-0.0882,4.27,1.582862,351.281274,http://wwwagwx.ca.uky.edu/cgi-bin/getcast_www_ky?Fleming+044#forecast,BTADD,BTADD,"KENTUCKY TRANSPORTATION CABINET, DIVISION OF PLANNING","TRANSPORTATION SYSTEMS BRANCH MANAGER, DIVISION OF PLANNING",7/1/1993 12:00:00 AM,BOUNDARY DIGITIZED FROM USGS 7.5 MINUTE TOPOGRAPHIC MAPS,,SECRETARY OF STATE,,,9,1482612792.34375,257356.116284173
36,FLOYD,21071,Floyd,BIG SANDY,Prestonsburg,PRESTONSBURG,1800,"Fleming, Mason, Montgomery",71,071,36,SOUTH,EAST REGION,35889,48764,43586,42441,39451,35.8745,-10.6184,-2.6269,-7.045074,90.7108,123.2529,110.1653,107.2712,99.713941,32.5421,-13.0876,-2.8941,-7.557259,395.64177,http://wwwagwx.ca.uky.edu/cgi-bin/getcast_www_ky?Floyd+110#forecast,BSADD,BSADD,"KENTUCKY TRANSPORTATION CABINET, DIVISION OF PLANNING","TRANSPORTATION SYSTEMS BRANCH MANAGER, DIVISION OF PLANNING",7/1/1993 12:00:00 AM,BOUNDARY DIGITIZED FROM USGS 7.5 MINUTE TOPOGRAPHIC MAPS,,SECRETARY OF STATE,,,12,1633645517.15625,254297.185598958
37,FRANKLIN,21073,Franklin,BLUEGRASS,Frankfort,FRANKFORT,1795,"Mercer, Shelby, Woodford",73,073,37,NORTH,BLUEGRASS REGION,34481,41830,43781,47687,49285,21.3131,4.6641,8.9216,3.351018,162.6616,197.33,206.5337,224.96,232.49853,34.6684,9.2037,18.4263,7.53853,211.979835,http://wwwagwx.ca.uky.edu/cgi-bin/getcast_www_ky?Franklin+035#forecast,BGADD,BGADD,"KENTUCKY TRANSPORTATION CABINET, DIVISION OF PLANNING","TRANSPORTATION SYSTEMS BRANCH MANAGER, DIVISION OF PLANNING",7/1/1993 12:00:00 AM,BOUNDARY DIGITIZED FROM USGS 7.5 MINUTE TOPOGRAPHIC MAPS,,SECRETARY OF STATE,,,5,891511390.289063,139770.795246319
38,FULTON,21075,Fulton,PURCHASE,Hickman,HICKMAN,1845,Hickman,75,075,38,SOUTH,WESTERN REGION,10183,8971,8271,7752,6813,-11.9021,-7.8029,-6.2749,-12.113003,44.1411,38.8873,35.853,33.6032,29.532909,-5.2538,-3.0343,-2.2498,-4.070291,230.6918,http://wwwagwx.ca.uky.edu/cgi-bin/getcast_www_ky?Fulton+001#forecast,PUADD,PUADD,"KENTUCKY TRANSPORTATION CABINET, DIVISION OF PLANNING","TRANSPORTATION SYSTEMS BRANCH MANAGER, DIVISION OF PLANNING",7/1/1993 12:00:00 AM,BOUNDARY DIGITIZED FROM USGS 7.5 MINUTE TOPOGRAPHIC MAPS,,SECRETARY OF STATE,,,1,927445282.085938,202609.07398697
39,GALLATIN,21077,Gallatin,NORTHERN KENTUCKY,Warsaw,WARSAW,1799,"Franklin, Shelby",77,077,39,NORTH,NORTHERN KENTUCKY REGION,4134,4842,5393,7870,8589,17.1262,11.3795,45.9299,9.135959,39.4775,46.2386,51.5003,75.1544,82.020541,6.7611,5.2617,23.6541,6.866141,104.717671,http://wwwagwx.ca.uky.edu/cgi-bin/getcast_www_ky?Gallatin+090#forecast,NKADD,NKADD,DIVISION OF GEOGRAPHIC INFORMATION,KIM ANNESS,7/23/2015 12:00:00 AM,"OHIO V. KENTUCKY, 444 U.S. 335 (1980)",,SECRETARY OF STATE,,BOUNDARY UPDATED TO MATCH SUPREME COURT CASE RULING IN 1981,6,446276021.675781,125982.447053551
40,GARRARD,21079,Garrard,BLUEGRASS,Lancaster,LANCASTER,1797,"Lincoln, Madison, Mercer",79,079,40,SOUTH,BLUEGRASS REGION,9457,10853,11579,14792,16912,14.7615,6.6893,27.7485,14.332071,40.4314,46.3997,49.5036,63.2401,72.303763,5.9683,3.1039,13.7365,9.063663,233.902072,http://wwwagwx.ca.uky.edu/cgi-bin/getcast_www_ky?Garrard+056#forecast,BGADD,BGADD,"KENTUCKY TRANSPORTATION CABINET, DIVISION OF PLANNING","TRANSPORTATION SYSTEMS BRANCH MANAGER, DIVISION OF PLANNING",7/1/1993 12:00:00 AM,BOUNDARY DIGITIZED FROM USGS 7.5 MINUTE TOPOGRAPHIC MAPS,,SECRETARY OF STATE,,,7,967944050.382813,255975.714217292
41,GRANT,21081,Grant,NORTHERN KENTUCKY,Williamstown,WILLIAMSTOWN,1820,Pendleton,81,081,41,NORTH,NORTHERN KENTUCKY REGION,9999,13308,15737,22384,24662,33.0933,18.2521,42.238,10.176912,38.3544,51.0472,60.3645,85.8612,94.599312,12.6928,9.3173,25.4967,8.738112,260.69957,http://wwwagwx.ca.uky.edu/cgi-bin/getcast_www_ky?Grant+095#forecast,NKADD,NKADD,"KENTUCKY TRANSPORTATION CABINET, DIVISION OF PLANNING","TRANSPORTATION SYSTEMS BRANCH MANAGER, DIVISION OF PLANNING",7/1/1993 12:00:00 AM,BOUNDARY DIGITIZED FROM USGS 7.5 MINUTE TOPOGRAPHIC MAPS,,SECRETARY OF STATE,,,6,1108981014.84375,148677.777347244
42,GRAVES,21083,Graves,PURCHASE,Mayfield,MAYFIELD,1824,Hickman,83,083,42,SOUTH,WESTERN REGION,30939,34049,33550,37028,37121,10.052,-1.4655,10.3666,0.251161,55.555,61.1394,60.2434,66.4886,66.655631,5.5844,-0.896,6.2452,0.167031,556.907185,http://wwwagwx.ca.uky.edu/cgi-bin/getcast_www_ky?Graves+006#forecast,PUADD,PUADD,"KENTUCKY TRANSPORTATION CABINET, DIVISION OF PLANNING","TRANSPORTATION SYSTEMS BRANCH MANAGER, DIVISION OF PLANNING",7/1/1993 12:00:00 AM,BOUNDARY DIGITIZED FROM USGS 7.5 MINUTE TOPOGRAPHIC MAPS,,SECRETARY OF STATE,,,1,2248968976.71875,196469.608421477
43,GRAYSON,21085,Grayson,LINCOLN TRAIL,Leitchfield,LEITCHFIELD,1810,"Hardin, Ohio",85,085,43,SOUTH,SOUTH CENTRAL REGION,16445,20854,21050,24053,25746,26.8105,0.9398,14.266,7.038623,32.1848,40.8138,41.1974,47.0746,50.388083,8.629,0.3836,5.8772,3.313483,510.954146,http://wwwagwx.ca.uky.edu/cgi-bin/getcast_www_ky?Grayson+027#forecast,LTADD,LTADD,"KENTUCKY TRANSPORTATION CABINET, DIVISION OF PLANNING","TRANSPORTATION SYSTEMS BRANCH MANAGER, DIVISION OF PLANNING",7/1/1993 12:00:00 AM,BOUNDARY DIGITIZED FROM USGS 7.5 MINUTE TOPOGRAPHIC MAPS,,SECRETARY OF STATE,,,4,2104345384.66016,344424.749119382
44,GREEN,21087,Green,LAKE CUMBERLAND,Greensburg,GREENSBURG,1793,"Lincoln, Nelson",87,087,44,SOUTH,SOUTH CENTRAL REGION,10350,11043,10371,11518,11258,6.6956,-6.0853,11.0596,-2.257336,35.842,38.2418,35.9147,39.8868,38.986433,2.3998,-2.3271,3.9721,-0.900367,288.767121,http://wwwagwx.ca.uky.edu/cgi-bin/getcast_www_ky?Green+064#forecast,LCADD,LCADD,"KENTUCKY TRANSPORTATION CABINET, DIVISION OF PLANNING","TRANSPORTATION SYSTEMS BRANCH MANAGER, DIVISION OF PLANNING",7/1/1993 12:00:00 AM,BOUNDARY DIGITIZED FROM USGS 7.5 MINUTE TOPOGRAPHIC MAPS,,SECRETARY OF STATE,,,4,1183037589.15234,158554.39808497
45,GREENUP,21089,Greenup,FIVCO,Greenup,GREENUP,1804,Mason,89,089,45,NORTH,NORTHEAST REGION,33192,39132,36742,36891,36910,17.8958,-6.1075,0.4055,0.051503,93.6492,110.4085,103.6653,104.0857,104.139356,16.7593,-6.7432,0.4204,0.053656,354.428925,http://wwwagwx.ca.uky.edu/cgi-bin/getcast_www_ky?Greenup+101#forecast,FIVCO,FIVCO,DIVISION OF GEOGRAPHIC INFORMATION,KIM ANNESS,7/23/2015 12:00:00 AM,"OHIO V. KENTUCKY, 444 U.S. 335 (1980)",,SECRETARY OF STATE,,BOUNDARY UPDATED TO MATCH SUPREME COURT CASE RULING IN 1981,9,1503011618.90625,202337.043734661
46,HANCOCK,21091,Hancock,GREEN RIVER,Hawesville,HAWESVILLE,1829,"Breckinridge, Daviess, Ohio",91,091,46,SOUTH,WESTERN REGION,7080,7742,7864,8392,8565,9.3502,1.5758,6.7141,2.061487,35.6045,38.9337,39.5472,42.2025,43.072508,3.3292,0.6135,2.6553,0.870008,198.850737,http://wwwagwx.ca.uky.edu/cgi-bin/getcast_www_ky?Hancock+023#forecast,GRADD,GRADD,DIVISION OF GEOGRAPHIC INFORMATION,KIM ANNESS,7/23/2015 12:00:00 AM,"OHIO V. KENTUCKY, 444 U.S. 335 (1980)",,SECRETARY OF STATE,,BOUNDARY UPDATED TO MATCH SUPREME COURT CASE RULING IN 1981,2,827518204.496094,180564.339626901
47,HARDIN,21093,Hardin,LINCOLN TRAIL,Elizabethtown,ELIZABETHTOWN,1793,Nelson,93,093,47,SOUTH,SOUTH CENTRAL REGION,78421,88917,89240,94174,105543,13.3841,0.3632,5.5289,12.072334,124.473,141.1327,141.6453,149.4768,167.522191,16.6597,0.5126,7.8315,18.045391,630.023994,http://wwwagwx.ca.uky.edu/cgi-bin/getcast_www_ky?Hardin+028#forecast,LTADD,LTADD,DIVISION OF GEOGRAPHIC INFORMATION,KIM ANNESS,7/23/2015 12:00:00 AM,"OHIO V. KENTUCKY, 444 U.S. 335 (1980)",,SECRETARY OF STATE,,BOUNDARY UPDATED TO MATCH SUPREME COURT CASE RULING IN 1981,4,2611254856.73828,300452.231564441
48,HARLAN,21095,Harlan,CUMBERLAND VALLEY,Harlan,HARLAN,1819,Knox,95,095,48,SOUTH,EAST REGION,37370,41889,36574,33202,29278,12.0925,-12.6882,-9.2196,-11.818565,79.8148,89.4664,78.1147,70.9127,62.531922,9.6516,-11.3517,-7.202,-8.380778,468.208858,http://wwwagwx.ca.uky.edu/cgi-bin/getcast_www_ky?Harlan+088#forecast,CVADD,CVADD,"KENTUCKY TRANSPORTATION CABINET, DIVISION OF PLANNING","TRANSPORTATION SYSTEMS BRANCH MANAGER, DIVISION OF PLANNING",7/1/1993 12:00:00 AM,BOUNDARY DIGITIZED FROM USGS 7.5 MINUTE TOPOGRAPHIC MAPS,,SECRETARY OF STATE,,,11,1897499512.53906,254807.470032272
49,HARRISON,21097,Harrison,BLUEGRASS,Cynthiana,CYNTHIANA,1794,"Bourbon, Scott",97,097,49,NORTH,BLUEGRASS REGION,14158,15166,16248,17983,18846,7.1196,7.1343,10.6782,4.798977,45.6952,48.9486,52.4407,58.0405,60.825902,3.2534,3.4921,5.5998,2.785402,309.83511,http://wwwagwx.ca.uky.edu/cgi-bin/getcast_www_ky?Harrison+037#forecast,BGADD,BGADD,"KENTUCKY TRANSPORTATION CABINET, DIVISION OF PLANNING","TRANSPORTATION SYSTEMS BRANCH MANAGER, DIVISION OF PLANNING",7/1/1993 12:00:00 AM,BOUNDARY DIGITIZED FROM USGS 7.5 MINUTE TOPOGRAPHIC MAPS,,SECRETARY OF STATE,,,6,1310231179.59766,201784.075613395
50,HART,21099,Hart,BARREN RIVER,Munfordville,MUNFORDVILLE,1819,"Hardin, Barren",99,099,50,SOUTH,SOUTH CENTRAL REGION,13980,15402,14890,17445,18199,10.1716,-3.3242,17.1591,4.322155,33.4598,36.8633,35.6378,41.753,43.557673,3.4035,-1.2255,6.1152,1.804673,417.813869,http://wwwagwx.ca.uky.edu/cgi-bin/getcast_www_ky?Hart+063#forecast,BRADD,BRADD,"KENTUCKY TRANSPORTATION CABINET, DIVISION OF PLANNING","TRANSPORTATION SYSTEMS BRANCH MANAGER, DIVISION OF PLANNING",7/1/1993 12:00:00 AM,BOUNDARY DIGITIZED FROM USGS 7.5 MINUTE TOPOGRAPHIC MAPS,,SECRETARY OF STATE,,,4,1713361847.52734,227720.459768304
51,HENDERSON,21101,Henderson,GREEN RIVER,Henderson,HENDERSON,1799,Christian,101,101,51,SOUTH,WESTERN REGION,36031,40849,43044,44829,46250,13.3718,5.3734,4.1469,3.169823,77.2888,87.6237,92.3322,96.1611,99.209296,10.3349,4.7085,3.8289,3.048196,466.186153,http://wwwagwx.ca.uky.edu/cgi-bin/getcast_www_ky?Henderson+018#forecast,GRADD,GRADD,DIVISION OF GEOGRAPHIC INFORMATION,KIM ANNESS,7/23/2015 12:00:00 AM,"OHIO V. KENTUCKY, 444 U.S. 335 (1980)",,SECRETARY OF STATE,,BOUNDARY UPDATED TO MATCH SUPREME COURT CASE RULING IN 1981,2,1934271038.96875,262031.774631896
52,HENRY,21103,Henry,KIPDA,New Castle,NEW CASTLE,1799,Shelby,103,103,52,NORTH,GREATER LOUISVILLE REGION,10910,12740,12823,15060,15416,16.7736,0.6514,17.4452,2.363878,37.4802,43.767,44.0522,51.7372,52.960231,6.2868,0.2852,7.685,1.223031,291.086342,http://wwwagwx.ca.uky.edu/cgi-bin/getcast_www_ky?Henry+033#forecast,KIPDA,KIPDA,"KENTUCKY TRANSPORTATION CABINET, DIVISION OF PLANNING","TRANSPORTATION SYSTEMS BRANCH MANAGER, DIVISION OF PLANNING",7/1/1993 12:00:00 AM,BOUNDARY DIGITIZED FROM USGS 7.5 MINUTE TOPOGRAPHIC MAPS,,SECRETARY OF STATE,,,5,1231169489.64453,181178.145201597
53,HICKMAN,21105,Hickman,PURCHASE,Clinton,CLINTON,1821,"Caldwell, Livingston",105,105,53,SOUTH,WESTERN REGION,6264,6065,5566,5262,4902,-3.1768,-8.2275,-5.4617,-6.841505,24.7486,23.9624,21.9909,20.7898,19.367511,-0.7862,-1.9715,-1.2011,-1.422289,253.104281,http://wwwagwx.ca.uky.edu/cgi-bin/getcast_www_ky?Hickman+002#forecast,PUADD,PUADD,"KENTUCKY TRANSPORTATION CABINET, DIVISION OF PLANNING","TRANSPORTATION SYSTEMS BRANCH MANAGER, DIVISION OF PLANNING",7/1/1993 12:00:00 AM,BOUNDARY DIGITIZED FROM USGS 7.5 MINUTE TOPOGRAPHIC MAPS,,SECRETARY OF STATE,,,1,1020895720.41797,155379.216106299
54,HOPKINS,21107,Hopkins,PENNYRILE,Madisonville,MADISONVILLE,1807,Henderson,107,107,54,SOUTH,WESTERN REGION,38167,46174,46126,46519,46920,20.9788,-0.1039,0.852,0.862013,68.8455,83.2885,83.2019,83.9108,84.6342,14.443,-0.0866,0.7089,0.7234,554.385813,http://wwwagwx.ca.uky.edu/cgi-bin/getcast_www_ky?Hopkins+016#forecast,PEADD,PEADD,"KENTUCKY TRANSPORTATION CABINET, DIVISION OF PLANNING","TRANSPORTATION SYSTEMS BRANCH MANAGER, DIVISION OF PLANNING",7/1/1993 12:00:00 AM,BOUNDARY DIGITIZED FROM USGS 7.5 MINUTE TOPOGRAPHIC MAPS,,SECRETARY OF STATE,,,2,2273953779.41406,329452.31875681
55,JACKSON,21109,Jackson,CUMBERLAND VALLEY,Mckee,MCKEE,1858,"Clay, Estill, Laurel, Owsley, Madison, Rockcastle",109,109,55,SOUTH,EAST REGION,10005,11996,11955,13495,13494,19.9,-0.3417,12.8816,-0.00741,28.877,34.6235,34.5052,38.95,38.947157,5.7465,-0.1183,4.4448,-0.002843,346.469445,http://wwwagwx.ca.uky.edu/cgi-bin/getcast_www_ky?Jackson+069#forecast,CVADD,CVADD,"KENTUCKY TRANSPORTATION CABINET, DIVISION OF PLANNING","TRANSPORTATION SYSTEMS BRANCH MANAGER, DIVISION OF PLANNING",7/1/1993 12:00:00 AM,BOUNDARY DIGITIZED FROM USGS 7.5 MINUTE TOPOGRAPHIC MAPS,,SECRETARY OF STATE,,,11,1425353372.99609,185751.836365875
56,JEFFERSON,21111,Jefferson,KIPDA,Louisville,LOUISVILLE,1780,Kentucky (Virginia),111,111,56,NORTH,GREATER LOUISVILLE REGION,695055,684648,664937,693604,741096,-1.4972,-2.8789,4.3112,6.847135,1748.0874,1721.9134,1672.3396,1744.4381,1863.882171,-26.174,-49.5738,72.0985,119.444071,397.608825,http://wwwagwx.ca.uky.edu/cgi-bin/getcast_www_ky?Jefferson+030#forecast,KIPDA,KIPDA,DIVISION OF GEOGRAPHIC INFORMATION,KIM ANNESS,7/23/2015 12:00:00 AM,"OHIO V. KENTUCKY, 444 U.S. 335 (1980), LOJIC",THE COUNTY BOUNDARY LINE FOR JEFFERSON COUNTY DOES NOT MATCH THE CITY BOUNDARY FOR LOUISVILLE ALTHOUGH THE 2 SHOULD BE COINCIDENT.THE DIFFERENCE IS DUE TO THE ERROR INHERENT IN THE 7.5 MINUTE USGS TOPOGRAPHIC MAPS (+/- 40 FEET).,SECRETARY OF STATE,,BOUNDARY UPDATED TO MATCH SUPREME COURT CASE RULING IN 1981,5,1669526396.42969,198454.485613443
57,JESSAMINE,21113,Jessamine,BLUEGRASS,Nicholasville,NICHOLASVILLE,1799,Fayette,113,113,57,NORTH,BLUEGRASS REGION,17430,26065,30508,39041,48586,49.541,17.0458,27.9697,24.448657,99.8866,149.3714,174.8331,223.7334,278.433249,49.4848,25.4617,48.9003,54.699849,174.497838,http://wwwagwx.ca.uky.edu/cgi-bin/getcast_www_ky?Jessamine+048#forecast,BGADD,BGADD,"KENTUCKY TRANSPORTATION CABINET, DIVISION OF PLANNING","TRANSPORTATION SYSTEMS BRANCH MANAGER, DIVISION OF PLANNING",7/1/1993 12:00:00 AM,BOUNDARY DIGITIZED FROM USGS 7.5 MINUTE TOPOGRAPHIC MAPS,,SECRETARY OF STATE,,,7,726395055.46875,150954.831856007
58,JOHNSON,21115,Johnson,BIG SANDY,Paintsville,PAINTSVILLE,1843,"Floyd, Lawrence, Morgan",115,115,58,SOUTH,EAST REGION,17539,24432,23248,23445,23356,39.3009,-4.8461,0.8473,-0.379612,66.4145,92.5161,88.0327,88.7786,88.441668,26.1016,-4.4834,0.7459,-0.336932,264.083667,http://wwwagwx.ca.uky.edu/cgi-bin/getcast_www_ky?Johnson+107#forecast,BSADD,BSADD,"KENTUCKY TRANSPORTATION CABINET, DIVISION OF PLANNING","TRANSPORTATION SYSTEMS BRANCH MANAGER, DIVISION OF PLANNING",7/1/1993 12:00:00 AM,BOUNDARY DIGITIZED FROM USGS 7.5 MINUTE TOPOGRAPHIC MAPS,,SECRETARY OF STATE,,,12,1098938967.19922,190450.358034069
59,KENTON,21117,Kenton,NORTHERN KENTUCKY,Covington,COVINGTON,1840,Campbell,117,117,59,NORTH,NORTHERN KENTUCKY REGION,129440,137058,142031,151464,159720,5.8853,3.6283,6.6415,5.4508,784.7504,830.9357,861.0853,918.2744,968.327717,46.1853,30.1496,57.1891,50.053317,164.944158,http://wwwagwx.ca.uky.edu/cgi-bin/getcast_www_ky?Kenton+092#forecast,NKADD,NKADD,DIVISION OF GEOGRAPHIC INFORMATION,KIM ANNESS,10/22/2019 12:00:00 AM,"OHIO V. KENTUCKY, 444 U.S. 335 (1980)/BERLING SURVEY",,SECRETARY OF STATE,,BOUNDARY UPDATED TO MATCH SUPREME COURT CASE RULING IN 1981/FGDB OF BERLING SURVEY COORDINATES DATED 9/3/1996 PROVIDED BY PDSKC,6,704310828.535156,140728.905159994
60,KNOTT,21119,Knott,KENTUCKY RIVER,Hindman,HINDMAN,1884,"Breathitt, Floyd, Letcher, Perry",119,119,60,SOUTH,EAST REGION,14698,17940,17906,17649,16346,22.0574,-0.1895,-1.4352,-7.382855,41.6595,50.8485,50.7521,50.0237,46.33058,9.189,-0.0964,-0.7284,-3.69312,352.812334,http://wwwagwx.ca.uky.edu/cgi-bin/getcast_www_ky?Knott+113#forecast,KRADD,KRADD,"KENTUCKY TRANSPORTATION CABINET, DIVISION OF PLANNING","TRANSPORTATION SYSTEMS BRANCH MANAGER, DIVISION OF PLANNING",7/1/1993 12:00:00 AM,BOUNDARY DIGITIZED FROM USGS 7.5 MINUTE TOPOGRAPHIC MAPS,,SECRETARY OF STATE,,,12,1448898524.10938,211210.156852972
61,KNOX,21121,Knox,CUMBERLAND VALLEY,Barbourville,BARBOURVILLE,1800,Lincoln,121,121,61,SOUTH,EAST REGION,23689,30239,29676,31795,31883,27.6499,-1.8618,7.1404,0.276773,61.0876,77.9783,76.5264,81.9908,82.217743,16.8907,-1.4519,5.4644,0.226943,387.787341,http://wwwagwx.ca.uky.edu/cgi-bin/getcast_www_ky?Knox+086#forecast,CVADD,CVADD,"KENTUCKY TRANSPORTATION CABINET, DIVISION OF PLANNING","TRANSPORTATION SYSTEMS BRANCH MANAGER, DIVISION OF PLANNING",7/1/1993 12:00:00 AM,BOUNDARY DIGITIZED FROM USGS 7.5 MINUTE TOPOGRAPHIC MAPS,,SECRETARY OF STATE,,,11,1572985027.02734,237214.264820284
62,LARUE,21123,Larue,LINCOLN TRAIL,Hodgenville,HODGENVILLE,1843,Hardin,123,123,62,SOUTH,SOUTH CENTRAL REGION,10672,11922,11679,13373,14193,11.7128,-2.0382,14.5046,6.131758,40.4881,45.2304,44.3085,50.7354,53.846372,4.7423,-0.9219,6.4269,3.110972,263.583216,http://wwwagwx.ca.uky.edu/cgi-bin/getcast_www_ky?LaRue+053#forecast,LTADD,LTADD,"KENTUCKY TRANSPORTATION CABINET, DIVISION OF PLANNING","TRANSPORTATION SYSTEMS BRANCH MANAGER, DIVISION OF PLANNING",7/1/1993 12:00:00 AM,BOUNDARY DIGITIZED FROM USGS 7.5 MINUTE TOPOGRAPHIC MAPS,,SECRETARY OF STATE,,,4,1088030592.47266,226731.069326729
63,LAUREL,21125,Laurel,CUMBERLAND VALLEY,London,LONDON,1826,"Clay, Knox, Rockcastle, Whitley",125,125,63,SOUTH,EAST REGION,27386,38982,43438,52715,58849,42.3428,11.4309,21.3568,11.636157,61.7234,87.8589,97.902,118.8108,132.635859,26.1355,10.0431,20.9088,13.825059,443.688459,http://wwwagwx.ca.uky.edu/cgi-bin/getcast_www_ky?Laurel+080#forecast,CVADD,CVADD,"KENTUCKY TRANSPORTATION CABINET, DIVISION OF PLANNING","TRANSPORTATION SYSTEMS BRANCH MANAGER, DIVISION OF PLANNING",7/1/1993 12:00:00 AM,BOUNDARY DIGITIZED FROM USGS 7.5 MINUTE TOPOGRAPHIC MAPS,,SECRETARY OF STATE,,,11,1810303174.25391,285479.261651003
64,LAWRENCE,21127,Lawrence,FIVCO,Louisa,LOUISA,1822,"Floyd, Greenup",127,127,64,NORTH,NORTHEAST REGION,10726,14121,13998,15569,15860,31.652,-0.871,11.223,1.869099,25.5385,33.622,33.3292,37.0697,37.76262,8.0835,-0.2928,3.7405,0.69292,419.992045,http://wwwagwx.ca.uky.edu/cgi-bin/getcast_www_ky?Lawrence+105#forecast,FIVCO,FIVCO,"KENTUCKY TRANSPORTATION CABINET, DIVISION OF PLANNING","TRANSPORTATION SYSTEMS BRANCH MANAGER, DIVISION OF PLANNING",7/1/1993 12:00:00 AM,BOUNDARY DIGITIZED FROM USGS 7.5 MINUTE TOPOGRAPHIC MAPS,,SECRETARY OF STATE,,,12,1758181930.73047,255810.554418509
65,LEE,21129,Lee,KENTUCKY RIVER,Beattyville,BEATTYVILLE,1870,"Breathitt, Estill, Owsley, Wolfe",129,129,65,SOUTH,EAST REGION,6587,7754,7422,7916,7887,17.7167,-4.2816,6.6558,-0.366347,31.1852,36.7103,35.1384,37.4772,37.339978,5.5251,-1.5719,2.3388,-0.137222,211.221333,http://wwwagwx.ca.uky.edu/cgi-bin/getcast_www_ky?Lee+111#forecast,KRADD,KRADD,"KENTUCKY TRANSPORTATION CABINET, DIVISION OF PLANNING","TRANSPORTATION SYSTEMS BRANCH MANAGER, DIVISION OF PLANNING",7/1/1993 12:00:00 AM,BOUNDARY DIGITIZED FROM USGS 7.5 MINUTE TOPOGRAPHIC MAPS,,SECRETARY OF STATE,,,10,873034849.527344,142930.748774271
66,LESLIE,21131,Leslie,KENTUCKY RIVER,Hyden,HYDEN,1878,"Clay, Harlan, Perry",131,131,66,SOUTH,EAST REGION,11623,14882,13642,12401,11310,28.0392,-8.3322,-9.0969,-8.797678,28.7414,36.8003,33.734,30.6652,27.967453,8.0589,-3.0663,-3.0688,-2.697747,404.398636,http://wwwagwx.ca.uky.edu/cgi-bin/getcast_www_ky?Leslie+117#forecast,KRADD,KRADD,"KENTUCKY TRANSPORTATION CABINET, DIVISION OF PLANNING","TRANSPORTATION SYSTEMS BRANCH MANAGER, DIVISION OF PLANNING",7/1/1993 12:00:00 AM,BOUNDARY DIGITIZED FROM USGS 7.5 MINUTE TOPOGRAPHIC MAPS,,SECRETARY OF STATE,,,11,1649267498.55078,227416.111315084
67,LETCHER,21133,Letcher,KENTUCKY RIVER,Whitesburg,WHITESBURG,1842,"Perry, Harlan",133,133,67,SOUTH,EAST REGION,23165,30687,27000,25277,24519,32.4714,-12.0148,-6.3814,-2.998774,68.3281,90.5152,79.6399,74.5577,72.321929,22.1871,-10.8753,-5.0822,-2.235771,339.025802,http://wwwagwx.ca.uky.edu/cgi-bin/getcast_www_ky?Letcher+118#forecast,KRADD,KRADD,"KENTUCKY TRANSPORTATION CABINET, DIVISION OF PLANNING","TRANSPORTATION SYSTEMS BRANCH MANAGER, DIVISION OF PLANNING",7/1/1993 12:00:00 AM,BOUNDARY DIGITIZED FROM USGS 7.5 MINUTE TOPOGRAPHIC MAPS,,SECRETARY OF STATE,,,12,1383654649.66016,241346.556222769
68,LEWIS,21135,Lewis,BUFFALO TRACE,Vanceburg,VANCEBURG,1807,Mason,135,135,68,NORTH,NORTHEAST REGION,12355,14545,13029,14092,13870,17.7256,-10.4228,8.1587,-1.575362,24.9418,29.3629,26.3024,28.4484,28.000248,4.4211,-3.0605,2.146,-0.448152,495.35276,http://wwwagwx.ca.uky.edu/cgi-bin/getcast_www_ky?Lewis+100#forecast,BTADD,BTADD,DIVISION OF GEOGRAPHIC INFORMATION,KIM ANNESS,7/23/2015 12:00:00 AM,"OHIO V. KENTUCKY, 444 U.S. 335 (1980)",,SECRETARY OF STATE,,BOUNDARY UPDATED TO MATCH SUPREME COURT CASE RULING IN 1981,9,2098881932.98047,292923.55038328
69,LINCOLN,21137,Lincoln,BLUEGRASS,Stanford,STANFORD,1780,Kentucky (Virginia),137,137,69,SOUTH,BLUEGRASS REGION,16663,19053,20045,23361,24742,14.3431,5.2065,16.5427,5.911562,49.5142,56.6161,59.5638,69.4174,73.521074,7.1019,2.9477,9.8536,4.103674,336.52936,http://wwwagwx.ca.uky.edu/cgi-bin/getcast_www_ky?Lincoln+067#forecast,BGADD,BGADD,DIVISION OF GEOGRAPHIC INFORMATION,KIM ANNESS,11/1/2010 12:00:00 AM,SECRETARY OF STATE/BLUEGRASS ADD,,SECRETARY OF STATE,,BLUEGRASS ADD PROVIDED COVERAGE OF THIS CORRECTION AS FILED WITH THE SECRETARY OF STATE'S OFFICE.,8,1385027692.65625,188669.265402967
70,LIVINGSTON,21139,Livingston,PENNYRILE,Smithland,SMITHLAND,1798,Christian,139,139,70,SOUTH,WESTERN REGION,7596,9219,9062,9804,9519,21.3665,-1.703,8.188,-2.906977,22.19,26.9312,26.4726,28.6401,27.807627,4.7412,-0.4586,2.1675,-0.832473,342.316152,http://wwwagwx.ca.uky.edu/cgi-bin/getcast_www_ky?Livingston+007#forecast,PEADD,PEADD,DIVISION OF GEOGRAPHIC INFORMATION,KIM ANNESS,7/23/2015 12:00:00 AM,"OHIO V. KENTUCKY, 444 U.S. 335 (1980)",,SECRETARY OF STATE,,BOUNDARY UPDATED TO MATCH SUPREME COURT CASE RULING IN 1981,1,1399638999.05859,220794.063254093
71,LOGAN,21141,Logan,BARREN RIVER,Russellville,RUSSELLVILLE,1792,Lincoln,141,141,71,SOUTH,SOUTH CENTRAL REGION,21793,24138,24416,26573,26835,10.7603,1.1517,8.8343,0.985963,39.1185,43.3278,43.8268,47.6986,48.16896,4.2093,0.499,3.8718,0.47036,557.101505,http://wwwagwx.ca.uky.edu/cgi-bin/getcast_www_ky?Logan+070#forecast,BRADD,BRADD,"KENTUCKY TRANSPORTATION CABINET, DIVISION OF PLANNING","TRANSPORTATION SYSTEMS BRANCH MANAGER, DIVISION OF PLANNING",7/1/1993 12:00:00 AM,BOUNDARY DIGITIZED FROM USGS 7.5 MINUTE TOPOGRAPHIC MAPS,,SECRETARY OF STATE,,,3,2257918726.70703,193062.410768244
72,LYON,21143,Lyon,PENNYRILE,Eddyville,EDDYVILLE,1854,Caldwell,143,143,72,SOUTH,WESTERN REGION,5562,6490,6624,8080,8314,16.6846,2.0647,21.9806,2.89604,21.6812,25.2986,25.8209,31.4966,32.40876,3.6174,0.5223,5.6757,0.91216,256.535578,http://wwwagwx.ca.uky.edu/cgi-bin/getcast_www_ky?Lyon+011#forecast,PEADD,PEADD,"KENTUCKY TRANSPORTATION CABINET, DIVISION OF PLANNING","TRANSPORTATION SYSTEMS BRANCH MANAGER, DIVISION OF PLANNING",7/1/1993 12:00:00 AM,BOUNDARY DIGITIZED FROM USGS 7.5 MINUTE TOPOGRAPHIC MAPS,,SECRETARY OF STATE,,,1,1044147819.28906,154274.184959898
73,MADISON,21151,Madison,BLUEGRASS,Richmond,RICHMOND,1786,Lincoln,151,151,76,SOUTH,BLUEGRASS REGION,42730,53352,57508,70872,82916,24.8584,7.7897,23.2385,16.994017,96.4179,120.3859,129.7637,159.9188,187.095501,23.968,9.3778,30.1551,27.176701,443.17474,http://wwwagwx.ca.uky.edu/cgi-bin/getcast_www_ky?Madison+057#forecast,BGADD,BGADD,"KENTUCKY TRANSPORTATION CABINET, DIVISION OF PLANNING","TRANSPORTATION SYSTEMS BRANCH MANAGER, DIVISION OF PLANNING",7/1/1993 12:00:00 AM,BOUNDARY DIGITIZED FROM USGS 7.5 MINUTE TOPOGRAPHIC MAPS,,SECRETARY OF STATE,,,7,1837938982.88281,260846.294665004
74,MAGOFFIN,21153,Magoffin,BIG SANDY,Salyersville,SALYERSVILLE,1860,"Floyd, Johnson, Morgan",153,153,77,SOUTH,EAST REGION,10443,13515,13077,13332,13333,29.4168,-3.2408,1.9499,0.007501,33.7848,43.7233,42.3063,43.1313,43.13454,9.9385,-1.417,0.825,0.00324,309.102636,http://wwwagwx.ca.uky.edu/cgi-bin/getcast_www_ky?Magoffin+109#forecast,BSADD,BSADD,"KENTUCKY TRANSPORTATION CABINET, DIVISION OF PLANNING","TRANSPORTATION SYSTEMS BRANCH MANAGER, DIVISION OF PLANNING",7/1/1993 12:00:00 AM,BOUNDARY DIGITIZED FROM USGS 7.5 MINUTE TOPOGRAPHIC MAPS,,SECRETARY OF STATE,,,10,1281440713.85156,222594.340581384
75,MARION,21155,Marion,LINCOLN TRAIL,Lebanon,LEBANON,1834,Washington,155,155,78,SOUTH,SOUTH CENTRAL REGION,16714,17910,16499,18212,19820,7.1556,-7.8782,10.3824,8.829343,48.1941,51.6427,47.5741,52.5135,57.150165,3.4486,-4.0686,4.9394,4.636665,346.805648,http://wwwagwx.ca.uky.edu/cgi-bin/getcast_www_ky?Marion+054#forecast,LTADD,LTADD,"KENTUCKY TRANSPORTATION CABINET, DIVISION OF PLANNING","TRANSPORTATION SYSTEMS BRANCH MANAGER, DIVISION OF PLANNING",7/1/1993 12:00:00 AM,BOUNDARY DIGITIZED FROM USGS 7.5 MINUTE TOPOGRAPHIC MAPS,,SECRETARY OF STATE,,,4,1431816330.70313,201126.136483237
76,MARSHALL,21157,Marshall,PURCHASE,Benton,BENTON,1842,Calloway,157,157,79,SOUTH,WESTERN REGION,20381,25637,27205,30125,31448,25.7887,6.1161,10.7333,4.391701,59.9077,75.3571,79.9661,88.5491,92.438001,15.4494,4.609,8.583,3.888901,340.206405,http://wwwagwx.ca.uky.edu/cgi-bin/getcast_www_ky?Marshall+008#forecast,PUADD,PUADD,"KENTUCKY TRANSPORTATION CABINET, DIVISION OF PLANNING","TRANSPORTATION SYSTEMS BRANCH MANAGER, DIVISION OF PLANNING",7/1/1993 12:00:00 AM,BOUNDARY DIGITIZED FROM USGS 7.5 MINUTE TOPOGRAPHIC MAPS,,SECRETARY OF STATE,,,1,1379717814.03906,150026.039632836
77,MARTIN,21159,Martin,BIG SANDY,Inez,INEZ,1870,"Floyd, Johnson, Lawrence, Pike",159,159,80,SOUTH,EAST REGION,9377,13925,12526,12578,12929,48.5016,-10.0466,0.4151,2.790587,40.6701,60.3958,54.3281,54.5536,56.076007,19.7257,-6.0677,0.2255,1.522407,230.562067,http://wwwagwx.ca.uky.edu/cgi-bin/getcast_www_ky?Martin+119#forecast,BSADD,BSADD,"KENTUCKY TRANSPORTATION CABINET, DIVISION OF PLANNING","TRANSPORTATION SYSTEMS BRANCH MANAGER, DIVISION OF PLANNING",7/1/1993 12:00:00 AM,BOUNDARY DIGITIZED FROM USGS 7.5 MINUTE TOPOGRAPHIC MAPS,,SECRETARY OF STATE,,,12,958282984.707031,192390.355814868
78,MASON,21161,Mason,BUFFALO TRACE,Maysville,MAYSVILLE,1789,Bourbon,161,161,81,NORTH,NORTHEAST REGION,17273,17760,16666,16800,17490,2.8194,-6.1599,0.804,4.107143,70.102,72.0785,67.6385,68.1824,70.982783,1.9765,-4.44,0.5439,2.800383,246.397779,http://wwwagwx.ca.uky.edu/cgi-bin/getcast_www_ky?Mason+099#forecast,BTADD,BTADD,DIVISION OF GEOGRAPHIC INFORMATION,KIM ANNESS,7/23/2015 12:00:00 AM,"OHIO V. KENTUCKY, 444 U.S. 335 (1980)",,SECRETARY OF STATE,,BOUNDARY UPDATED TO MATCH SUPREME COURT CASE RULING IN 1981,9,1046324437.17969,137985.278783983
79,MCCRACKEN,21145,McCracken,PURCHASE,Paducah,PADUCAH,1825,Hickman,145,145,73,SOUTH,WESTERN REGION,58281,61310,62879,65514,65565,5.1972,2.5591,4.1905,0.077846,217.3344,228.6298,234.4807,244.3068,244.497082,11.2954,5.8509,9.8261,0.190282,268.16271,http://wwwagwx.ca.uky.edu/cgi-bin/getcast_www_ky?McCracken+005#forecast,PUADD,PUADD,DIVISION OF GEOGRAPHIC INFORMATION,KIM ANNESS,7/23/2015 12:00:00 AM,"OHIO V. KENTUCKY, 444 U.S. 335 (1980)",,SECRETARY OF STATE,,BOUNDARY UPDATED TO MATCH SUPREME COURT CASE RULING IN 1981,1,1091563713.44922,152709.349989724
80,MCCREARY,21147,McCreary,LAKE CUMBERLAND,Whitley City,WHITLEY CITY,1912,"Pulaski, Wayne, Whitley",147,147,74,SOUTH,SOUTH CENTRAL REGION,12548,15634,15603,17080,18306,24.5935,-0.1982,9.4661,7.177986,29.1113,36.2708,36.1989,39.6255,42.469898,7.1595,-0.0719,3.4266,2.844398,431.03471,http://wwwagwx.ca.uky.edu/cgi-bin/getcast_www_ky?McCreary+084#forecast,LCADD,LCADD,"KENTUCKY TRANSPORTATION CABINET, DIVISION OF PLANNING","TRANSPORTATION SYSTEMS BRANCH MANAGER, DIVISION OF PLANNING",7/1/1993 12:00:00 AM,BOUNDARY DIGITIZED FROM USGS 7.5 MINUTE TOPOGRAPHIC MAPS,,SECRETARY OF STATE,,,8,1741301588.22656,235393.04941751
81,MCLEAN,21149,McLean,GREEN RIVER,Calhoun,CALHOUN,1789,Bourbon,149,149,75,SOUTH,WESTERN REGION,9062,10090,9628,9938,9531,11.344,-4.5787,3.2197,-4.095391,35.3711,39.3836,37.5803,38.7903,37.201756,4.0125,-1.8033,1.21,-1.588544,256.197587,http://wwwagwx.ca.uky.edu/cgi-bin/getcast_www_ky?McLean+020#forecast,GRADD,GRADD,"KENTUCKY TRANSPORTATION CABINET, DIVISION OF PLANNING","TRANSPORTATION SYSTEMS BRANCH MANAGER, DIVISION OF PLANNING",7/1/1993 12:00:00 AM,BOUNDARY DIGITIZED FROM USGS 7.5 MINUTE TOPOGRAPHIC MAPS,,SECRETARY OF STATE,,,2,1057073361.47266,170842.904395217
82,MEADE,21163,Meade,LINCOLN TRAIL,Brandenburg,BRANDENBURG,1824,"Breckinridge, Hardin",163,163,82,SOUTH,SOUTH CENTRAL REGION,18796,22854,24170,26349,28602,21.5896,5.7582,9.0153,8.550609,57.9352,70.4432,74.4996,81.2159,88.160438,12.508,4.0564,6.7163,6.944538,324.431237,http://wwwagwx.ca.uky.edu/cgi-bin/getcast_www_ky?Meade+025#forecast,LTADD,LTADD,DIVISION OF GEOGRAPHIC INFORMATION,KIM ANNESS,7/23/2015 12:00:00 AM,"OHIO V. KENTUCKY, 444 U.S. 335 (1980)",,SECRETARY OF STATE,,BOUNDARY UPDATED TO MATCH SUPREME COURT CASE RULING IN 1981,4,1354155138.99609,212769.35573942
83,MENIFEE,21165,Menifee,GATEWAY,Frenchburg,FRENCHBURG,1869,"Bath, Montgomery, Morgan, Powell, Wolfe",165,165,83,NORTH,NORTHEAST REGION,4050,5117,5092,6556,6306,26.3456,-0.4885,28.7509,-3.813301,19.6704,24.8528,24.7314,31.8419,30.627695,5.1824,-0.1214,7.1105,-1.214205,205.892083,http://wwwagwx.ca.uky.edu/cgi-bin/getcast_www_ky?Menifee+060#forecast,GADD,GWADD,"KENTUCKY TRANSPORTATION CABINET, DIVISION OF PLANNING","TRANSPORTATION SYSTEMS BRANCH MANAGER, DIVISION OF PLANNING",7/1/1993 12:00:00 AM,BOUNDARY DIGITIZED FROM USGS 7.5 MINUTE TOPOGRAPHIC MAPS,,SECRETARY OF STATE,,,10,858974090.519531,163338.2885704
84,MERCER,21167,Mercer,BLUEGRASS,Harrodsburg,HARRODSBURG,1786,Lincoln,167,167,84,SOUTH,BLUEGRASS REGION,15960,19011,19148,20817,21331,19.1165,0.7206,8.7163,2.469136,63.0177,75.0645,75.6054,82.1955,84.225029,12.0468,0.5409,6.5901,2.029529,253.262007,http://wwwagwx.ca.uky.edu/cgi-bin/getcast_www_ky?Mercer+047#forecast,BGADD,BGADD,"KENTUCKY TRANSPORTATION CABINET, DIVISION OF PLANNING","TRANSPORTATION SYSTEMS BRANCH MANAGER, DIVISION OF PLANNING",7/1/1993 12:00:00 AM,BOUNDARY DIGITIZED FROM USGS 7.5 MINUTE TOPOGRAPHIC MAPS,,SECRETARY OF STATE,,,7,1052898772.28906,198980.569134452
85,METCALFE,21169,Metcalfe,BARREN RIVER,Edmonton,EDMONTON,1860,"Adair, Barren, Cumberland, Green, Monroe",169,169,85,SOUTH,SOUTH CENTRAL REGION,8177,9484,8963,10037,10099,15.9838,-5.4934,11.9825,0.617714,28.0807,32.5691,30.78,34.4682,34.681174,4.4884,-1.7891,3.6882,0.212974,291.195452,http://wwwagwx.ca.uky.edu/cgi-bin/getcast_www_ky?Metcalfe+076#forecast,BRADD,BRADD,"KENTUCKY TRANSPORTATION CABINET, DIVISION OF PLANNING","TRANSPORTATION SYSTEMS BRANCH MANAGER, DIVISION OF PLANNING",7/1/1993 12:00:00 AM,BOUNDARY DIGITIZED FROM USGS 7.5 MINUTE TOPOGRAPHIC MAPS,,SECRETARY OF STATE,,,3,1184319430.18359,157553.131087835
86,MONROE,21171,Monroe,BARREN RIVER,Tompkinsville,TOMPKINSVILLE,1820,"Barren, Cumberland",171,171,86,SOUTH,SOUTH CENTRAL REGION,11642,12353,11401,11756,10963,6.1071,-7.7066,3.1137,-6.745492,35.0522,37.1929,34.3265,35.3954,33.007851,2.1407,-2.8664,1.0689,-2.387549,332.133104,http://wwwagwx.ca.uky.edu/cgi-bin/getcast_www_ky?Monroe+075#forecast,BRADD,BRADD,"KENTUCKY TRANSPORTATION CABINET, DIVISION OF PLANNING","TRANSPORTATION SYSTEMS BRANCH MANAGER, DIVISION OF PLANNING",7/1/1993 12:00:00 AM,BOUNDARY DIGITIZED FROM USGS 7.5 MINUTE TOPOGRAPHIC MAPS,,SECRETARY OF STATE,,,3,1340868084.60156,171760.572116133
87,MONTGOMERY,21173,Montgomery,GATEWAY,Mount Sterling,MOUNT STERLING,1797,Clark,173,173,87,NORTH,NORTHEAST REGION,15364,20046,19561,22554,26499,30.4738,-2.4194,15.3008,17.491354,77.2749,100.8236,98.3842,113.4378,133.279702,23.5487,-2.4394,15.0536,19.841902,198.822473,http://wwwagwx.ca.uky.edu/cgi-bin/getcast_www_ky?Montgomery+050#forecast,GADD,GWADD,"KENTUCKY TRANSPORTATION CABINET, DIVISION OF PLANNING","TRANSPORTATION SYSTEMS BRANCH MANAGER, DIVISION OF PLANNING",7/1/1993 12:00:00 AM,BOUNDARY DIGITIZED FROM USGS 7.5 MINUTE TOPOGRAPHIC MAPS,,SECRETARY OF STATE,,,7,831543479.261719,142076.987137973
88,MORGAN,21175,Morgan,GATEWAY,West Liberty,WEST LIBERTY,1823,"Bath, Floyd",175,175,88,NORTH,NORTHEAST REGION,10019,12103,11648,13948,13923,20.8004,-3.7593,19.7458,-0.179237,26.1105,31.5416,30.3558,36.3498,36.284734,5.4311,-1.1858,5.994,-0.065066,383.715095,http://wwwagwx.ca.uky.edu/cgi-bin/getcast_www_ky?Morgan+106#forecast,GADD,GWADD,"KENTUCKY TRANSPORTATION CABINET, DIVISION OF PLANNING","TRANSPORTATION SYSTEMS BRANCH MANAGER, DIVISION OF PLANNING",7/1/1993 12:00:00 AM,BOUNDARY DIGITIZED FROM USGS 7.5 MINUTE TOPOGRAPHIC MAPS,,SECRETARY OF STATE,,,10,1600021517.35156,277346.11828023
89,MUHLENBERG,21177,Muhlenberg,PENNYRILE,Greenville,GREENVILLE,1799,"Christian, Logan",177,177,89,SOUTH,WESTERN REGION,27537,32238,31318,31839,31499,17.0715,-2.8537,1.6635,-1.067873,57.4443,67.251,65.3318,66.4186,65.709418,9.8067,-1.9192,1.0868,-0.709182,479.368116,http://wwwagwx.ca.uky.edu/cgi-bin/getcast_www_ky?Muhlenberg+021#forecast,PEADD,PEADD,"KENTUCKY TRANSPORTATION CABINET, DIVISION OF PLANNING","TRANSPORTATION SYSTEMS BRANCH MANAGER, DIVISION OF PLANNING",7/1/1993 12:00:00 AM,BOUNDARY DIGITIZED FROM USGS 7.5 MINUTE TOPOGRAPHIC MAPS,,SECRETARY OF STATE,,,2,1961372290.15234,321471.942435293
90,NELSON,21179,Nelson,LINCOLN TRAIL,Bardstown,BARDSTOWN,1785,Jefferson,179,179,90,SOUTH,SOUTH CENTRAL REGION,23477,27584,29710,37477,43437,17.4937,7.7073,26.1427,15.903087,55.3701,65.0564,70.0706,88.389,102.445583,9.6863,5.0142,18.3184,14.056583,424.000712,http://wwwagwx.ca.uky.edu/cgi-bin/getcast_www_ky?Nelson+045#forecast,LTADD,LTADD,"KENTUCKY TRANSPORTATION CABINET, DIVISION OF PLANNING","TRANSPORTATION SYSTEMS BRANCH MANAGER, DIVISION OF PLANNING",7/1/1993 12:00:00 AM,BOUNDARY DIGITIZED FROM USGS 7.5 MINUTE TOPOGRAPHIC MAPS,,SECRETARY OF STATE,,,4,1762439086.01953,330178.213874208
91,NICHOLAS,21181,Nicholas,BLUEGRASS,Carlisle,CARLISLE,1800,"Bourbon, Mason",181,181,91,NORTH,BLUEGRASS REGION,6508,7157,6725,6813,7135,9.9723,-6.036,1.3085,4.726259,33.0685,36.3662,34.1711,34.6183,36.254499,3.2977,-2.1951,0.4472,1.636199,196.803161,http://wwwagwx.ca.uky.edu/cgi-bin/getcast_www_ky?Nicholas+043#forecast,BGADD,BGADD,"KENTUCKY TRANSPORTATION CABINET, DIVISION OF PLANNING","TRANSPORTATION SYSTEMS BRANCH MANAGER, DIVISION OF PLANNING",7/1/1993 12:00:00 AM,BOUNDARY DIGITIZED FROM USGS 7.5 MINUTE TOPOGRAPHIC MAPS,,SECRETARY OF STATE,,,9,829848295.710938,173253.535197668
92,OHIO,21183,Ohio,GREEN RIVER,Hartford,HARTFORD,1799,Hardin,183,183,92,SOUTH,WESTERN REGION,18790,21765,21105,22916,23842,15.8328,-3.0323,8.5809,4.040845,31.5188,36.5091,35.402,38.4398,39.993194,4.9903,-1.1071,3.0378,1.553394,596.151438,http://wwwagwx.ca.uky.edu/cgi-bin/getcast_www_ky?Ohio+026#forecast,GRADD,GRADD,"KENTUCKY TRANSPORTATION CABINET, DIVISION OF PLANNING","TRANSPORTATION SYSTEMS BRANCH MANAGER, DIVISION OF PLANNING",7/1/1993 12:00:00 AM,BOUNDARY DIGITIZED FROM USGS 7.5 MINUTE TOPOGRAPHIC MAPS,,SECRETARY OF STATE,,,2,2456370033.63672,290746.361512624
93,OLDHAM,21185,Oldham,KIPDA,Lagrange,LAGRANGE,1824,"Henry, Jefferson, Shelby",185,185,93,NORTH,GREATER LOUISVILLE REGION,14687,27795,33263,46178,60316,89.2489,19.6726,38.8269,30.616311,74.776,141.5129,169.3522,235.1065,307.087476,66.7369,27.8393,65.7543,71.980976,196.41309,http://wwwagwx.ca.uky.edu/cgi-bin/getcast_www_ky?Oldham+031#forecast,KIPDA,KIPDA,DIVISION OF GEOGRAPHIC INFORMATION,KIM ANNESS,7/23/2015 12:00:00 AM,"OHIO V. KENTUCKY, 444 U.S. 335 (1980)",,SECRETARY OF STATE,,BOUNDARY UPDATED TO MATCH SUPREME COURT CASE RULING IN 1981,5,829251514.269531,132747.157707126
94,OWEN,21187,Owen,NORTHERN KENTUCKY,Owenton,OWENTON,1819,"Franklin, Gallatin, Scott, Pendleton",187,187,94,NORTH,NORTHERN KENTUCKY REGION,7470,8924,9035,10547,10841,19.4645,1.2438,16.7349,2.787523,21.0884,25.1932,25.5065,29.775,30.605068,4.1048,0.3133,4.2685,0.830068,354.222383,http://wwwagwx.ca.uky.edu/cgi-bin/getcast_www_ky?Owen+094#forecast,NKADD,NKADD,"KENTUCKY TRANSPORTATION CABINET, DIVISION OF PLANNING","TRANSPORTATION SYSTEMS BRANCH MANAGER, DIVISION OF PLANNING",7/1/1993 12:00:00 AM,BOUNDARY DIGITIZED FROM USGS 7.5 MINUTE TOPOGRAPHIC MAPS,,SECRETARY OF STATE,,,6,1501105947.37109,227676.803315816
95,OWSLEY,21189,Owsley,KENTUCKY RIVER,Booneville,BOONEVILLE,1843,"Breathitt, Clay, Estill",189,189,95,SOUTH,EAST REGION,5023,5709,5036,4858,4755,13.6571,-11.7884,-3.5345,-2.120214,25.3348,28.7948,25.4004,24.5026,23.983102,3.46,-3.3944,-0.8978,-0.519498,198.264593,http://wwwagwx.ca.uky.edu/cgi-bin/getcast_www_ky?Owsley+114#forecast,KRADD,KRADD,"KENTUCKY TRANSPORTATION CABINET, DIVISION OF PLANNING","TRANSPORTATION SYSTEMS BRANCH MANAGER, DIVISION OF PLANNING",7/1/1993 12:00:00 AM,BOUNDARY DIGITIZED FROM USGS 7.5 MINUTE TOPOGRAPHIC MAPS,,SECRETARY OF STATE,,,10,815635062.441406,184289.256846365
96,PENDLETON,21191,Pendleton,NORTHERN KENTUCKY,Falmouth,FALMOUTH,1799,"Bracken, Campbell",191,191,96,NORTH,NORTHERN KENTUCKY REGION,9949,10989,12036,14390,14877,10.4533,9.5277,19.5579,3.384295,35.3536,39.0492,42.7697,51.1346,52.865174,3.6956,3.7205,8.3649,1.730574,281.413996,http://wwwagwx.ca.uky.edu/cgi-bin/getcast_www_ky?Pendleton+096#forecast,NKADD,NKADD,DIVISION OF GEOGRAPHIC INFORMATION,KIM ANNESS,7/23/2015 12:00:00 AM,"OHIO V. KENTUCKY, 444 U.S. 335 (1980)",,SECRETARY OF STATE,,BOUNDARY UPDATED TO MATCH SUPREME COURT CASE RULING IN 1981,6,1200396647.09766,159141.703338859
97,PERRY,21193,Perry,KENTUCKY RIVER,Hazard,HAZARD,1821,"Clay, Floyd",193,193,97,SOUTH,EAST REGION,26259,33763,30283,29390,28712,28.5768,-10.3071,-2.9488,-2.306907,76.6493,98.5532,88.3952,85.7886,83.809563,21.9039,-10.158,-2.6066,-1.979037,342.586205,http://wwwagwx.ca.uky.edu/cgi-bin/getcast_www_ky?Perry+115#forecast,KRADD,KRADD,"KENTUCKY TRANSPORTATION CABINET, DIVISION OF PLANNING","TRANSPORTATION SYSTEMS BRANCH MANAGER, DIVISION OF PLANNING",7/1/1993 12:00:00 AM,BOUNDARY DIGITIZED FROM USGS 7.5 MINUTE TOPOGRAPHIC MAPS,,SECRETARY OF STATE,,,10,1402784755.17969,325919.634468614
98,PIKE,21195,Pike,BIG SANDY,Pikeville,PIKEVILLE,1822,Floyd,195,195,98,SOUTH,EAST REGION,61059,81123,72583,68736,65024,32.86,-10.5272,-5.3001,-5.400372,77.431,102.8749,92.045,87.1665,82.459214,25.4439,-10.8299,-4.8785,-4.707286,788.559542,http://wwwagwx.ca.uky.edu/cgi-bin/getcast_www_ky?Pike+120#forecast,BSADD,BSADD,"KENTUCKY TRANSPORTATION CABINET, DIVISION OF PLANNING","TRANSPORTATION SYSTEMS BRANCH MANAGER, DIVISION OF PLANNING",7/1/1993 12:00:00 AM,BOUNDARY DIGITIZED FROM USGS 7.5 MINUTE TOPOGRAPHIC MAPS,,SECRETARY OF STATE,,,12,3248370714.51563,354187.876527615
99,POWELL,21197,Powell,BLUEGRASS,Stanton,STANTON,1852,"Clark, Estill, Montgomery",197,197,99,SOUTH,BLUEGRASS REGION,7704,11101,11686,13237,12613,44.0939,5.2697,13.2722,-4.714059,42.7799,61.6432,64.8917,73.5043,70.039333,18.8633,3.2485,8.6126,-3.464967,180.084526,http://wwwagwx.ca.uky.edu/cgi-bin/getcast_www_ky?Powell+059#forecast,BGADD,BGADD,"KENTUCKY TRANSPORTATION CABINET, DIVISION OF PLANNING","TRANSPORTATION SYSTEMS BRANCH MANAGER, DIVISION OF PLANNING",7/1/1993 12:00:00 AM,BOUNDARY DIGITIZED FROM USGS 7.5 MINUTE TOPOGRAPHIC MAPS,,SECRETARY OF STATE,,,10,749078572.898438,157990.173455202
100,PULASKI,21199,Pulaski,LAKE CUMBERLAND,Somerset,SOMERSET,1799,"Green, Lincoln",199,199,100,SOUTH,SOUTH CENTRAL REGION,35234,45803,49489,56217,63063,29.9965,8.0475,13.5949,12.177811,52.0331,67.6413,73.0848,83.0206,93.130743,15.6082,5.4435,9.9358,10.110143,677.144817,http://wwwagwx.ca.uky.edu/cgi-bin/getcast_www_ky?Pulaski+079#forecast,LCADD,LCADD,"KENTUCKY TRANSPORTATION CABINET, DIVISION OF PLANNING","TRANSPORTATION SYSTEMS BRANCH MANAGER, DIVISION OF PLANNING",7/1/1993 12:00:00 AM,BOUNDARY DIGITIZED FROM USGS 7.5 MINUTE TOPOGRAPHIC MAPS,,SECRETARY OF STATE,,,8,2762338659.64063,232669.876729624
101,ROBERTSON,21201,Robertson,BUFFALO TRACE,Mount Olivet,MOUNT OLIVET,1867,"Bracken, Harrison, Mason, Nicholas",201,201,101,NORTH,NORTHEAST REGION,2163,2270,2124,2266,2282,4.9468,-6.4317,6.6854,0.70609,21.6096,22.6786,21.22,22.6387,22.79856,1.069,-1.4586,1.4187,0.15986,100.09404,http://wwwagwx.ca.uky.edu/cgi-bin/getcast_www_ky?Robertson+098#forecast,BTADD,BTADD,"KENTUCKY TRANSPORTATION CABINET, DIVISION OF PLANNING","TRANSPORTATION SYSTEMS BRANCH MANAGER, DIVISION OF PLANNING",7/1/1993 12:00:00 AM,BOUNDARY DIGITIZED FROM USGS 7.5 MINUTE TOPOGRAPHIC MAPS,,SECRETARY OF STATE,,,6,424163713.097656,122907.63631945
102,ROCKCASTLE,21203,Rockcastle,CUMBERLAND VALLEY,Mount Vernon,MOUNT VERNON,1810,"Knox, Lincoln, Madison, Pulaski",203,203,102,SOUTH,EAST REGION,12305,13973,14803,16582,17056,13.5554,5.94,12.0178,2.858521,38.6876,43.9318,46.5414,52.1347,53.62502,5.2442,2.6096,5.5933,1.49032,318.060488,http://wwwagwx.ca.uky.edu/cgi-bin/getcast_www_ky?Rockcastle+068#forecast,CVADD,CVADD,"KENTUCKY TRANSPORTATION CABINET, DIVISION OF PLANNING","TRANSPORTATION SYSTEMS BRANCH MANAGER, DIVISION OF PLANNING",7/1/1993 12:00:00 AM,BOUNDARY DIGITIZED FROM USGS 7.5 MINUTE TOPOGRAPHIC MAPS,,SECRETARY OF STATE,,,8,1306571811.67578,197428.920818285
103,ROWAN,21205,Rowan,GATEWAY,Morehead,MOREHEAD,1856,"Fleming, Morgan",205,205,103,NORTH,NORTHEAST REGION,17010,19049,20353,22094,23333,11.987,6.8455,8.554,5.607857,59.4297,66.5536,71.1095,77.1922,81.521115,7.1239,4.5559,6.0827,4.328915,286.220326,http://wwwagwx.ca.uky.edu/cgi-bin/getcast_www_ky?Rowan+052#forecast,GADD,GWADD,"KENTUCKY TRANSPORTATION CABINET, DIVISION OF PLANNING","TRANSPORTATION SYSTEMS BRANCH MANAGER, DIVISION OF PLANNING",7/1/1993 12:00:00 AM,BOUNDARY DIGITIZED FROM USGS 7.5 MINUTE TOPOGRAPHIC MAPS,,SECRETARY OF STATE,,,9,1202345293.30859,271855.297876406
104,RUSSELL,21207,Russell,LAKE CUMBERLAND,Jamestown,JAMESTOWN,1826,"Adair, Cumberland, Wayne",207,207,104,SOUTH,SOUTH CENTRAL REGION,10542,13708,14716,16315,17565,30.0322,7.3533,10.8657,7.661661,37.2656,48.4573,52.0206,57.673,62.091739,11.1917,3.5633,5.6524,4.418739,282.887872,http://wwwagwx.ca.uky.edu/cgi-bin/getcast_www_ky?Russell+078#forecast,LCADD,LCADD,"KENTUCKY TRANSPORTATION CABINET, DIVISION OF PLANNING","TRANSPORTATION SYSTEMS BRANCH MANAGER, DIVISION OF PLANNING",7/1/1993 12:00:00 AM,BOUNDARY DIGITIZED FROM USGS 7.5 MINUTE TOPOGRAPHIC MAPS,,SECRETARY OF STATE,,,8,1150546108.60156,166401.977539888
105,SCOTT,21209,Scott,BLUEGRASS,Georgetown,GEORGETOWN,1792,Woodford,209,209,105,NORTH,BLUEGRASS REGION,17948,21813,23867,33061,47173,21.5344,9.4164,38.5218,42.684734,62.8889,76.4316,83.6287,115.8441,165.291863,13.5427,7.1971,32.2154,49.447763,285.392149,http://wwwagwx.ca.uky.edu/cgi-bin/getcast_www_ky?Scott+036#forecast,BGADD,BGADD,"KENTUCKY TRANSPORTATION CABINET, DIVISION OF PLANNING","TRANSPORTATION SYSTEMS BRANCH MANAGER, DIVISION OF PLANNING",7/1/1993 12:00:00 AM,BOUNDARY DIGITIZED FROM USGS 7.5 MINUTE TOPOGRAPHIC MAPS,,SECRETARY OF STATE,,,7,1201961822.53125,186628.242463861
106,SHELBY,21211,Shelby,KIPDA,Shelbyville,SHELBYVILLE,1792,Jefferson,211,211,106,NORTH,GREATER LOUISVILLE REGION,18999,23328,24824,33337,42074,22.7854,6.4128,34.2934,26.208117,49.2689,60.4951,64.3746,86.4508,109.108042,11.2262,3.8795,22.0762,22.657242,385.61777,http://wwwagwx.ca.uky.edu/cgi-bin/getcast_www_ky?Shelby+034#forecast,KIPDA,KIPDA,"KENTUCKY TRANSPORTATION CABINET, DIVISION OF PLANNING","TRANSPORTATION SYSTEMS BRANCH MANAGER, DIVISION OF PLANNING",7/1/1993 12:00:00 AM,BOUNDARY DIGITIZED FROM USGS 7.5 MINUTE TOPOGRAPHIC MAPS,,SECRETARY OF STATE,,,5,1620731440.11719,186911.045550233
107,SIMPSON,21213,Simpson,BARREN RIVER,Franklin,FRANKLIN,1819,"Allen, Logan, Warren",213,213,107,SOUTH,SOUTH CENTRAL REGION,13054,14673,15145,16405,17327,12.4023,3.2167,8.3195,5.620238,55.1937,62.039,64.0347,69.3621,73.260474,6.8453,1.9957,5.3274,3.898374,236.512256,http://wwwagwx.ca.uky.edu/cgi-bin/getcast_www_ky?Simpson+072#forecast,BRADD,BRADD,"KENTUCKY TRANSPORTATION CABINET, DIVISION OF PLANNING","TRANSPORTATION SYSTEMS BRANCH MANAGER, DIVISION OF PLANNING",7/1/1993 12:00:00 AM,BOUNDARY DIGITIZED FROM USGS 7.5 MINUTE TOPOGRAPHIC MAPS,,SECRETARY OF STATE,,,3,955586097.839844,136133.848903772
108,SPENCER,21215,Spencer,KIPDA,Taylorsville,TAYLORSVILLE,1824,"Bullitt, Nelson, Shelby",215,215,108,NORTH,GREATER LOUISVILLE REGION,5488,5929,6801,11766,17061,8.0357,14.7073,73.0039,45.00255,28.6403,30.9417,35.4924,61.4033,89.036484,2.3014,4.5507,25.9109,27.633184,191.618078,http://wwwagwx.ca.uky.edu/cgi-bin/getcast_www_ky?Spencer+038#forecast,KIPDA,KIPDA,"KENTUCKY TRANSPORTATION CABINET, DIVISION OF PLANNING","TRANSPORTATION SYSTEMS BRANCH MANAGER, DIVISION OF PLANNING",7/1/1993 12:00:00 AM,BOUNDARY DIGITIZED FROM USGS 7.5 MINUTE TOPOGRAPHIC MAPS,,SECRETARY OF STATE,,,5,801390342.875,129685.652938829
109,TAYLOR,21217,Taylor,LAKE CUMBERLAND,Campbellsville,CAMPBELLSVILLE,1848,Green,217,217,109,SOUTH,SOUTH CENTRAL REGION,17138,21178,21146,22927,24512,23.5733,-0.1511,8.4223,6.913246,61.9187,76.5151,76.3995,82.8341,88.560707,14.5964,-0.1156,6.4346,5.726607,276.781892,http://wwwagwx.ca.uky.edu/cgi-bin/getcast_www_ky?Taylor+065#forecast,LCADD,LCADD,"KENTUCKY TRANSPORTATION CABINET, DIVISION OF PLANNING","TRANSPORTATION SYSTEMS BRANCH MANAGER, DIVISION OF PLANNING",7/1/1993 12:00:00 AM,BOUNDARY DIGITIZED FROM USGS 7.5 MINUTE TOPOGRAPHIC MAPS,,SECRETARY OF STATE,,,4,1137041242.07031,202504.482531316
110,TODD,21219,Todd,PENNYRILE,Elkton,ELKTON,1820,"Christian, Logan",219,219,110,SOUTH,WESTERN REGION,10823,11874,10940,11971,12460,9.7108,-7.8659,9.4241,4.084872,28.6998,31.4868,29.0101,31.744,33.04078,2.787,-2.4767,2.7339,1.29678,377.10974,http://wwwagwx.ca.uky.edu/cgi-bin/getcast_www_ky?Todd+022#forecast,PEADD,PEADD,"KENTUCKY TRANSPORTATION CABINET, DIVISION OF PLANNING","TRANSPORTATION SYSTEMS BRANCH MANAGER, DIVISION OF PLANNING",7/1/1993 12:00:00 AM,BOUNDARY DIGITIZED FROM USGS 7.5 MINUTE TOPOGRAPHIC MAPS,,SECRETARY OF STATE,,,3,1527437548.05078,183254.85805053
111,TRIGG,21221,Trigg,PENNYRILE,Cadiz,CADIZ,1820,"Caldwell, Christian",221,221,111,SOUTH,WESTERN REGION,8620,9384,10361,12597,14339,8.8631,10.4113,21.5809,13.828689,17.906,19.493,21.5225,26.1672,29.785876,1.587,2.0295,4.6447,3.618676,481.402658,http://wwwagwx.ca.uky.edu/cgi-bin/getcast_www_ky?Trigg+012#forecast,PEADD,PEADD,"KENTUCKY TRANSPORTATION CABINET, DIVISION OF PLANNING","TRANSPORTATION SYSTEMS BRANCH MANAGER, DIVISION OF PLANNING",7/1/1993 12:00:00 AM,BOUNDARY DIGITIZED FROM USGS 7.5 MINUTE TOPOGRAPHIC MAPS,,SECRETARY OF STATE,,,1,1948348856.63672,183434.470163122
112,TRIMBLE,21223,Trimble,KIPDA,Bedford,BEDFORD,1837,"Gallatin, Henry, Oldham",223,223,112,NORTH,GREATER LOUISVILLE REGION,5349,6253,6090,8125,8809,16.9003,-2.6067,33.4154,8.418462,34.2418,40.0288,38.9854,52.0125,56.391209,5.787,-1.0434,13.0271,4.378709,156.212291,http://wwwagwx.ca.uky.edu/cgi-bin/getcast_www_ky?Trimble+032#forecast,KIPDA,KIPDA,DIVISION OF GEOGRAPHIC INFORMATION,KIM ANNESS,7/23/2015 12:00:00 AM,"OHIO V. KENTUCKY, 444 U.S. 335 (1980)",,SECRETARY OF STATE,,BOUNDARY UPDATED TO MATCH SUPREME COURT CASE RULING IN 1981,5,662652897.734375,115960.534898805
113,UNION,21225,Union,GREEN RIVER,Morganfield,MORGANFIELD,1811,Henderson,225,225,113,SOUTH,WESTERN REGION,15882,17821,16557,15637,15007,12.2087,-7.0927,-5.5565,-4.028906,43.7142,49.0512,45.5721,43.0399,41.305882,5.337,-3.4791,-2.5322,-1.734018,363.313873,http://wwwagwx.ca.uky.edu/cgi-bin/getcast_www_ky?Union+014#forecast,GRADD,GRADD,DIVISION OF GEOGRAPHIC INFORMATION,KIM ANNESS,7/23/2015 12:00:00 AM,"OHIO V. KENTUCKY, 444 U.S. 335 (1980)",,SECRETARY OF STATE,,BOUNDARY UPDATED TO MATCH SUPREME COURT CASE RULING IN 1981,2,1503546951.72656,206140.032198885
114,WARREN,21227,Warren,BARREN RIVER,Bowling Green,BOWLING GREEN,1797,Logan,227,227,114,SOUTH,SOUTH CENTRAL REGION,57884,71828,76673,92522,113792,24.0895,6.7452,20.6709,22.989127,105.71,131.1751,140.0233,168.9673,207.81151,25.4651,8.8482,28.944,38.84421,547.573136,http://wwwagwx.ca.uky.edu/cgi-bin/getcast_www_ky?Warren+071#forecast,BRADD,BRADD,"KENTUCKY TRANSPORTATION CABINET, DIVISION OF PLANNING","TRANSPORTATION SYSTEMS BRANCH MANAGER, DIVISION OF PLANNING",7/1/1993 12:00:00 AM,BOUNDARY DIGITIZED FROM USGS 7.5 MINUTE TOPOGRAPHIC MAPS,,SECRETARY OF STATE,,,3,2227212598.80469,222071.678742633
115,WASHINGTON,21229,Washington,LINCOLN TRAIL,Springfield,SPRINGFIELD,1792,Nelson,229,229,115,SOUTH,SOUTH CENTRAL REGION,10728,10764,10441,10916,11717,0.3355,-3.0007,4.5493,7.337853,35.6244,35.744,34.6714,36.2487,38.908637,0.1196,-1.0726,1.5773,2.659937,301.141363,http://wwwagwx.ca.uky.edu/cgi-bin/getcast_www_ky?Washington#forecast,LTADD,LTADD,"KENTUCKY TRANSPORTATION CABINET, DIVISION OF PLANNING","TRANSPORTATION SYSTEMS BRANCH MANAGER, DIVISION OF PLANNING",7/1/1993 12:00:00 AM,BOUNDARY DIGITIZED FROM USGS 7.5 MINUTE TOPOGRAPHIC MAPS,,SECRETARY OF STATE,,,4,1250011435.99609,205102.228757371
116,WAYNE,21231,Wayne,LAKE CUMBERLAND,Monticello,MONTICELLO,1801,"Cumberland, Pulaski",231,231,116,SOUTH,SOUTH CENTRAL REGION,14268,17022,17468,19923,20813,19.3019,2.6201,14.0542,4.467199,29.4646,35.1519,36.0729,41.1427,42.98068,5.6873,0.921,5.0698,1.83798,484.240826,http://wwwagwx.ca.uky.edu/cgi-bin/getcast_www_ky?Wayne+083#forecast,LCADD,LCADD,"KENTUCKY TRANSPORTATION CABINET, DIVISION OF PLANNING","TRANSPORTATION SYSTEMS BRANCH MANAGER, DIVISION OF PLANNING",7/1/1993 12:00:00 AM,BOUNDARY DIGITIZED FROM USGS 7.5 MINUTE TOPOGRAPHIC MAPS,,SECRETARY OF STATE,,,8,1959573056.54688,214715.862396605
117,WEBSTER,21233,Webster,GREEN RIVER,Dixon,DIXON,1860,"Henderson, Hopkins, Union",233,233,117,SOUTH,WESTERN REGION,13282,14832,13955,14120,13621,11.6699,-5.9128,1.1823,-3.533994,39.5787,44.1976,41.5842,42.0759,40.588974,4.6189,-2.6134,0.4917,-1.486926,335.583748,http://wwwagwx.ca.uky.edu/cgi-bin/getcast_www_ky?Webster+015#forecast,GRADD,GRADD,"KENTUCKY TRANSPORTATION CABINET, DIVISION OF PLANNING","TRANSPORTATION SYSTEMS BRANCH MANAGER, DIVISION OF PLANNING",7/1/1993 12:00:00 AM,BOUNDARY DIGITIZED FROM USGS 7.5 MINUTE TOPOGRAPHIC MAPS,,SECRETARY OF STATE,,,2,1384221800.04297,197143.229355527
118,WHITLEY,21235,Whitley,CUMBERLAND VALLEY,Williamsburg,WILLIAMSBURG,1818,Knox,235,235,118,SOUTH,EAST REGION,24145,33396,33326,35865,35637,38.3143,-0.2096,7.6186,-0.635717,54.2341,75.0136,74.8564,80.5595,80.047372,20.7795,-0.1572,5.7031,-0.512128,445.198877,http://wwwagwx.ca.uky.edu/cgi-bin/getcast_www_ky?Whitley+085#forecast,CVADD,CVADD,"KENTUCKY TRANSPORTATION CABINET, DIVISION OF PLANNING","TRANSPORTATION SYSTEMS BRANCH MANAGER, DIVISION OF PLANNING",7/1/1993 12:00:00 AM,BOUNDARY DIGITIZED FROM USGS 7.5 MINUTE TOPOGRAPHIC MAPS,,SECRETARY OF STATE,,,11,1799520273.79688,238465.483924452
119,WOLFE,21237,Wolfe,KENTUCKY RIVER,Campton,CAMPTON,1860,"Breathitt, Morgan, Owsley, Powell",237,237,119,SOUTH,EAST REGION,5669,6698,6503,7065,7355,18.1513,-2.9113,8.6421,4.104742,25.4545,30.0749,29.1993,31.7228,33.024946,4.6204,-0.8756,2.5235,1.302146,222.710435,http://wwwagwx.ca.uky.edu/cgi-bin/getcast_www_ky?Wolfe+108#forecast,KRADD,KRADD,"KENTUCKY TRANSPORTATION CABINET, DIVISION OF PLANNING","TRANSPORTATION SYSTEMS BRANCH MANAGER, DIVISION OF PLANNING",7/1/1993 12:00:00 AM,BOUNDARY DIGITIZED FROM USGS 7.5 MINUTE TOPOGRAPHIC MAPS,,SECRETARY OF STATE,,,10,924100995.90625,184878.702536407
120,WOODFORD,21239,Woodford,BLUEGRASS,Versailles,VERSAILLES,1789,Fayette,239,239,120,NORTH,BLUEGRASS REGION,14434,17778,19955,23208,24939,23.1675,12.2454,16.3016,7.458635,75.1847,92.6031,103.9428,120.8872,129.903817,17.4184,11.3397,16.9444,9.016617,191.980502,http://wwwagwx.ca.uky.edu/cgi-bin/getcast_www_ky?Woodford+040#forecast,BGADD,BGADD,"KENTUCKY TRANSPORTATION CABINET, DIVISION OF PLANNING","TRANSPORTATION SYSTEMS BRANCH MANAGER, DIVISION OF PLANNING",7/1/1993 12:00:00 AM,BOUNDARY DIGITIZED FROM USGS 7.5 MINUTE TOPOGRAPHIC MAPS,,SECRETARY OF STATE,,,7,803213502.15625,187168.7892029
